Posición;Flecha [mm];Peralte [mm];Flecha de nivelación [mm];Fl.Niv. Der. [mm];Sobreancho [mm];Alabeo [mm/{0}m];Alineación [mm];Niv. Izq. D1 [mm];Niv. Der. D1 [mm];Markierungen
    4285,499;    0,00;   -0,93;    0,00;    0,00;    0,00;    0,14;    0,00;    0,00;    0,00
    4285,750;    0,00;   -0,97;    0,00;    0,00;    0,00;    0,17;    0,00;    0,00;    0,00
    4286,000;    0,00;   -1,07;    0,00;    0,00;    0,00;    0,19;    0,00;    0,00;    0,00
    4286,250;    0,00;   -1,04;    0,00;    0,00;    0,00;    0,23;    0,00;    0,00;    0,00
    4286,500;    0,00;   -1,13;    0,00;    0,00;    0,00;    0,20;    0,00;    0,00;    0,00
    4286,750;    0,00;   -1,22;    0,00;    0,00;    0,00;    0,20;    0,00;    0,00;    0,00
    4287,000;    0,00;   -1,36;    0,00;    0,00;    0,00;    0,17;    0,00;    0,00;    0,00
    4287,250;    0,00;   -1,43;    0,00;    0,00;    0,00;    0,16;    0,00;    0,00;    0,00
    4287,500;    0,00;   -1,50;    0,00;    0,00;    0,00;    0,09;    0,00;    0,00;    0,00
    4287,750;    0,00;   -1,61;    0,00;    0,00;    0,00;    0,03;    0,00;    0,00;    0,00
    4288,000;    0,00;   -1,53;    0,00;    0,00;    0,00;    0,02;    0,00;    0,00;    0,00
    4288,250;    0,00;   -1,52;    0,00;    0,00;    0,00;   -0,04;    0,00;    0,00;    0,00
    4288,500;    0,00;   -1,45;    0,00;    0,00;    0,00;   -0,08;    0,00;    0,00;    0,00
    4288,749;    0,00;   -1,44;    0,00;    0,00;    0,00;   -0,11;    0,00;    0,00;    0,00
    4288,999;    0,00;   -1,33;    0,00;    0,00;    0,00;   -0,16;    0,00;    0,00;    0,00
    4289,249;    0,00;   -1,13;    0,00;    0,00;    0,00;   -0,18;    0,00;    0,00;    0,00
    4289,499;    0,00;   -1,18;    0,00;    0,00;    0,00;   -0,20;    0,00;    0,00;    0,00
    4289,749;    0,00;   -1,10;    0,00;    0,00;    0,00;   -0,18;    0,00;    0,00;    0,00
    4289,999;    0,00;   -1,13;    0,00;    0,00;    0,00;   -0,17;    0,00;    0,00;    0,00
    4290,249;    0,00;   -1,10;    0,00;    0,00;    0,00;   -0,19;    0,00;    0,00;    0,00
    4290,499;    0,00;   -1,03;    0,00;    0,00;    0,00;   -0,16;    0,00;    0,00;    0,00
    4290,749;    2,49;   -1,09;    2,11;    5,06;    1,03;   -0,10;   -0,78;    0,13;    0,24
    4291,000;    2,49;   -0,93;    2,11;    5,06;    1,03;   -0,12;   -1,03;    0,29;    0,49
    4291,250;    2,48;   -0,97;    2,11;    4,96;    1,03;   -0,10;   -1,24;    0,43;    0,70
    4291,500;    2,52;   -0,95;    2,11;    4,91;    1,03;   -0,13;   -1,36;    0,53;    0,81
    4291,750;    2,50;   -0,88;    2,01;    4,91;    1,04;   -0,11;   -1,43;    0,59;    0,83
    4292,000;    2,51;   -0,86;    2,01;    4,91;    1,03;   -0,10;   -1,37;    0,59;    0,75
    4292,250;    2,51;   -0,84;    2,01;    4,91;    1,04;   -0,13;   -1,30;    0,56;    0,60
    4292,500;    2,51;   -0,83;    1,97;    4,91;    1,04;   -0,09;   -1,12;    0,51;    0,39
    4292,750;    2,50;   -0,79;    1,92;    4,91;    1,03;   -0,14;   -0,98;    0,43;    0,17
    4293,000;    2,50;   -0,73;    1,91;    4,91;    1,03;   -0,15;   -0,76;    0,35;   -0,05
    4293,250;    2,51;   -0,76;    1,87;    4,91;    1,03;   -0,16;   -0,63;    0,28;   -0,24
    4293,500;    2,50;   -0,74;    1,82;    4,91;    1,03;   -0,14;   -0,45;    0,23;   -0,37
    4293,750;    2,51;   -0,69;    1,81;    4,91;    1,03;   -0,20;   -0,36;    0,18;   -0,47
    4293,999;    2,31;   -0,67;    1,73;    4,91;    1,03;   -0,29;   -0,24;    0,16;   -0,52
    4294,249;    2,31;   -0,54;    1,72;    4,91;    1,03;   -0,24;   -0,19;    0,13;   -0,54
    4294,499;    2,11;   -0,51;    1,67;    4,91;    1,04;   -0,20;   -0,12;    0,14;   -0,54
    4294,749;    2,11;   -0,38;    1,57;    4,91;    1,03;   -0,21;   -0,07;    0,11;   -0,54
    4294,999;    1,56;   -0,43;    1,57;    4,91;    1,03;   -0,16;   -0,03;    0,13;   -0,53
    4295,249;    1,55;   -0,23;    1,67;    4,91;    1,03;   -0,11;    0,05;    0,10;   -0,53
    4295,499;    1,35;    0,03;    1,77;    4,91;    1,03;   -0,04;    0,07;    0,12;   -0,54
    4295,749;    1,11;   -0,06;    2,01;    4,91;    1,03;    0,02;    0,17;    0,10;   -0,53
    4295,999;    0,94;   -0,14;    2,21;    4,91;    1,04;    0,06;    0,15;    0,13;   -0,52
    4296,249;    0,94;   -0,14;    2,21;    4,91;    1,03;    0,15;    0,25;    0,13;   -0,48
    4296,499;    0,95;   -0,25;    2,25;    4,82;    1,04;    0,13;    0,19;    0,19;   -0,44
    4296,749;    0,76;   -0,35;    2,11;    4,47;    1,03;    0,23;    0,28;    0,21;   -0,35
    4296,999;    0,75;   -0,56;    1,86;    4,08;    1,04;    0,33;    0,19;    0,27;   -0,28
    4297,249;    0,55;   -0,60;    1,81;    3,96;    1,03;    0,35;    0,27;    0,30;   -0,17
    4297,499;    0,55;   -0,70;    1,77;    3,84;    1,03;    0,29;    0,18;    0,35;   -0,09
    4297,749;    0,37;   -0,83;    1,57;    3,64;    1,03;    0,27;    0,26;    0,37;    0,02
    4298,000;    0,34;   -0,82;    1,52;    3,60;    1,04;    0,30;    0,20;    0,38;    0,09
    4298,250;    0,36;   -0,91;    1,52;    3,54;    1,04;    0,30;    0,28;    0,36;    0,17
    4298,500;    0,36;   -0,95;    1,47;    3,48;    1,03;    0,27;    0,25;    0,32;    0,21
    4298,750;    0,16;   -1,09;    1,37;    3,40;    1,04;    0,35;    0,33;    0,26;    0,26
    4299,000;    0,18;   -1,01;    1,38;    3,35;    1,03;    0,43;    0,33;    0,17;    0,27
    4299,250;    0,19;   -0,93;    1,42;    3,21;    1,03;    0,44;    0,38;    0,08;    0,29
    4299,500;    0,16;   -1,16;    1,57;    3,15;    1,03;    0,38;    0,41;   -0,06;    0,29
    4299,750;    0,16;   -1,26;    1,79;    3,15;    1,03;    0,38;    0,42;   -0,16;    0,29
    4300,000;    0,18;   -1,35;    1,87;    3,14;    1,04;    0,39;    0,45;   -0,32;    0,27
    4300,250;    0,18;   -1,65;    1,96;    3,06;    1,03;    0,24;    0,43;   -0,42;    0,24
    4300,500;    0,17;   -2,00;    2,20;    2,95;    1,04;    0,20;    0,47;   -0,59;    0,21
    4300,749;    0,34;   -2,15;    2,35;    2,96;    1,04;    0,21;    0,42;   -0,68;    0,16
    4300,999;    0,38;   -1,97;    2,40;    2,96;    1,04;    0,09;    0,47;   -0,83;    0,12
    4301,250;    0,38;   -2,06;    2,40;    2,96;    1,03;    0,04;    0,40;   -0,88;    0,05
    4301,500;    0,38;   -2,12;    2,45;    2,96;    1,03;   -0,03;    0,44;   -0,98;    0,02
    4301,750;    0,36;   -1,81;    2,45;    3,10;    1,03;   -0,16;    0,36;   -0,99;   -0,05
    4302,000;    0,38;   -1,62;    2,55;    3,20;    1,03;   -0,33;    0,39;   -1,04;   -0,07
    4302,250;    0,36;   -1,57;    2,55;    3,35;    1,04;   -0,42;    0,32;   -1,00;   -0,13
    4302,500;    0,37;   -1,43;    2,55;    3,40;    1,04;   -0,34;    0,34;   -0,98;   -0,13
    4302,750;    0,57;   -1,37;    2,30;    3,40;    1,04;   -0,39;    0,28;   -0,90;   -0,17
    4303,000;    0,55;   -1,26;    2,15;    3,35;    1,03;   -0,39;    0,29;   -0,84;   -0,15
    4303,250;    0,56;   -1,18;    1,91;    3,30;    1,04;   -0,27;    0,25;   -0,75;   -0,17
    4303,500;    0,55;   -1,01;    1,52;    3,30;    1,04;   -0,20;    0,26;   -0,66;   -0,14
    4303,750;    0,78;   -0,88;    1,28;    3,30;    1,03;   -0,16;    0,24;   -0,58;   -0,14
    4304,000;    0,75;   -0,96;    1,08;    3,30;    1,03;   -0,14;    0,26;   -0,50;   -0,12
    4304,249;    0,76;   -0,89;    1,08;    3,30;    1,03;   -0,06;    0,25;   -0,44;   -0,12
    4304,499;    0,77;   -0,94;    1,09;    3,30;    1,04;    0,02;    0,29;   -0,39;   -0,11
    4304,749;    0,76;   -1,01;    1,08;    3,15;    1,03;    0,04;    0,28;   -0,39;   -0,12
    4304,999;    0,77;   -1,00;    1,09;    3,06;    1,03;    0,08;    0,33;   -0,38;   -0,13
    4305,249;    0,74;   -1,09;    1,08;    3,01;    1,03;    0,08;    0,32;   -0,43;   -0,16
    4305,499;    0,55;   -1,02;    1,13;    2,96;    1,03;    0,06;    0,37;   -0,46;   -0,20
    4305,749;    0,60;   -1,19;    1,23;    2,96;    1,03;    0,03;    0,35;   -0,55;   -0,25
    4305,999;    0,53;   -1,31;    1,23;    2,96;    1,03;   -0,03;    0,40;   -0,62;   -0,31
    4306,249;    0,57;   -1,30;    1,28;    2,96;    1,04;   -0,06;    0,37;   -0,71;   -0,38
    4306,499;    0,57;   -1,25;    1,23;    2,96;    1,04;   -0,06;    0,42;   -0,79;   -0,44
    4306,749;    0,57;   -1,13;    1,23;    2,96;    1,03;   -0,10;    0,38;   -0,87;   -0,51
    4306,999;    0,78;   -1,15;    1,28;    2,96;    1,03;   -0,08;    0,43;   -0,92;   -0,56
    4307,249;    0,76;   -0,98;    1,28;    2,96;    1,03;   -0,19;    0,37;   -0,94;   -0,61
    4307,499;    0,75;   -0,86;    1,03;    2,96;    1,13;   -0,20;    0,41;   -0,93;   -0,62
    4307,749;    0,95;   -0,83;    0,99;    2,96;    1,13;   -0,23;    0,35;   -0,88;   -0,63
    4307,999;    0,97;   -0,82;    0,89;    2,96;    1,13;   -0,19;    0,38;   -0,79;   -0,58
    4308,250;    0,96;   -0,80;    0,70;    2,96;    1,13;   -0,16;    0,33;   -0,66;   -0,53
    4308,500;    1,14;   -0,77;    0,45;    2,91;    1,13;   -0,18;    0,34;   -0,48;   -0,41
    4308,750;    1,34;   -0,64;    0,21;    2,71;    1,13;   -0,13;    0,31;   -0,26;   -0,29
    4309,000;    1,34;   -0,70;   -0,04;    2,46;    1,13;   -0,10;    0,31;   -0,01;   -0,12
    4309,250;    1,35;   -0,60;   -0,43;    2,18;    1,13;   -0,10;    0,30;    0,26;    0,07
    4309,500;    1,53;   -0,67;   -0,77;    1,99;    1,13;   -0,06;    0,28;    0,56;    0,29
    4309,750;    1,51;   -0,66;   -1,10;    1,71;    1,13;   -0,02;    0,29;    0,85;    0,52
    4310,000;    1,54;   -0,60;   -1,35;    1,45;    1,13;    0,00;    0,26;    1,16;    0,75
    4310,250;    1,52;   -0,59;   -1,65;    1,16;    1,13;    0,05;    0,28;    1,42;    0,99
    4310,500;    1,54;   -0,56;   -1,94;    0,86;    1,13;    0,00;    0,23;    1,71;    1,21
    4310,750;    1,69;   -0,52;   -2,13;    0,57;    1,13;    0,05;    0,25;    1,90;    1,43
    4311,000;    1,71;   -0,65;   -2,38;    0,38;    1,13;    0,02;    0,18;    2,12;    1,59
    4311,250;    1,72;   -0,73;   -2,57;    0,13;    1,13;   -0,01;    0,19;    2,23;    1,75
    4311,500;    1,90;   -0,77;   -2,77;    0,04;    1,13;   -0,01;    0,11;    2,36;    1,82
    4311,750;    1,91;   -0,78;   -2,81;   -0,02;    1,13;   -0,04;    0,11;    2,36;    1,91
    4312,000;    1,92;   -0,68;   -2,87;   -0,02;    1,13;    0,01;    0,01;    2,39;    1,88
    4312,250;    2,10;   -0,76;   -2,91;   -0,01;    1,13;    0,01;   -0,01;    2,31;    1,87
    4312,500;    2,32;   -0,72;   -2,91;   -0,01;    1,13;    0,00;   -0,13;    2,24;    1,76
    4312,750;    2,50;   -0,63;   -2,67;   -0,01;    1,13;   -0,01;   -0,17;    2,09;    1,66
    4313,000;    2,70;   -0,57;   -2,33;    0,38;    1,13;   -0,01;   -0,30;    1,95;    1,47
    4313,250;    2,88;   -0,48;   -1,79;    0,82;    1,13;    0,04;   -0,35;    1,76;    1,31
    4313,500;    3,06;   -0,60;   -1,07;    1,54;    0,92;    0,06;   -0,48;    1,56;    1,07
    4313,750;    3,08;   -0,55;   -0,18;    2,23;    0,79;    0,00;   -0,54;    1,36;    0,88
    4314,000;    3,07;   -0,65;    0,71;    2,91;    0,74;   -0,08;   -0,67;    1,15;    0,63
    4314,250;    3,28;   -0,70;    1,28;    3,21;    0,74;   -0,07;   -0,71;    0,95;    0,42
    4314,500;    3,45;   -0,73;    1,48;    3,54;    0,64;   -0,08;   -0,83;    0,74;    0,19
    4314,750;    3,45;   -0,90;    1,53;    3,64;    0,64;   -0,17;   -0,86;    0,57;    0,00
    4315,000;    3,45;   -0,85;    1,57;    3,74;    0,64;   -0,24;   -0,96;    0,37;   -0,19
    4315,250;    3,43;   -0,76;    1,57;    3,89;    0,64;   -0,28;   -0,96;    0,23;   -0,34
    4315,500;    3,46;   -0,49;    1,76;    3,98;    0,64;   -0,32;   -1,03;    0,05;   -0,47
    4315,750;    3,29;   -0,43;    1,86;    4,08;    0,64;   -0,39;   -1,01;   -0,07;   -0,59
    4316,000;    3,28;   -0,32;    1,86;    4,18;    0,64;   -0,38;   -1,04;   -0,24;   -0,67
    4316,250;    3,25;    0,03;    1,96;    4,23;    0,69;   -0,36;   -0,99;   -0,34;   -0,75
    4316,500;    3,29;    0,13;    2,31;    4,28;    0,69;   -0,36;   -0,99;   -0,49;   -0,80
    4316,750;    3,25;    0,29;    2,65;    4,28;    0,69;   -0,29;   -0,92;   -0,60;   -0,85
    4317,000;    3,28;    0,32;    2,99;    4,38;    0,69;   -0,16;   -0,89;   -0,74;   -0,88
    4317,250;    3,13;    0,46;    3,28;    4,52;    0,69;   -0,12;   -0,80;   -0,84;   -0,92
    4317,500;    2,92;    0,41;    3,57;    4,67;    0,69;   -0,07;   -0,74;   -0,97;   -0,95
    4317,750;    2,88;    0,18;    3,85;    4,67;    0,69;    0,09;   -0,64;   -1,07;   -0,99
    4318,000;    2,87;    0,23;    3,91;    4,67;    0,68;    0,19;   -0,56;   -1,19;   -1,01
    4318,250;    2,70;    0,11;    3,90;    4,62;    0,69;    0,29;   -0,47;   -1,27;   -1,05
    4318,500;    2,50;   -0,02;    3,77;    4,52;    0,69;    0,31;   -0,38;   -1,35;   -1,07
    4318,750;    2,30;   -0,08;    3,72;    4,52;    0,69;    0,39;   -0,30;   -1,40;   -1,11
    4319,000;    2,12;   -0,12;    3,72;    4,52;    0,69;    0,41;   -0,20;   -1,45;   -1,13
    4319,250;    2,09;   -0,23;    3,72;    4,52;    0,69;    0,33;   -0,14;   -1,45;   -1,15
    4319,500;    1,91;   -0,45;    3,62;    4,52;    0,69;    0,36;   -0,05;   -1,45;   -1,14
    4319,750;    1,73;   -0,59;    3,57;    4,52;    0,76;    0,28;   -0,02;   -1,40;   -1,14
    4320,000;    1,73;   -0,63;    3,47;    4,52;    0,84;    0,18;    0,07;   -1,34;   -1,10
    4320,250;    1,73;   -0,71;    3,33;    4,23;    0,84;    0,12;    0,07;   -1,24;   -1,06
    4320,500;    1,74;   -0,82;    3,08;    3,98;    0,89;    0,13;    0,15;   -1,13;   -0,98
    4320,750;    1,73;   -0,80;    2,75;    3,79;    0,99;    0,14;    0,12;   -0,98;   -0,90
    4321,000;    1,73;   -0,86;    2,40;    3,46;    0,99;    0,03;    0,19;   -0,85;   -0,78
    4321,250;    1,73;   -0,72;    2,20;    3,16;    0,98;    0,04;    0,15;   -0,67;   -0,67
    4321,500;    1,73;   -0,57;    1,86;    2,86;    1,04;    0,09;    0,20;   -0,52;   -0,51
    4321,750;    1,91;   -0,45;    1,47;    2,67;    1,18;    0,09;    0,15;   -0,35;   -0,38
    4322,000;    1,92;   -0,52;    1,37;    2,57;    1,18;    0,02;    0,20;   -0,21;   -0,22
    4322,250;    1,91;   -0,65;    1,23;    2,47;    1,18;    0,05;    0,14;   -0,07;   -0,09
    4322,500;    1,90;   -0,54;    1,23;    2,32;    1,18;    0,07;    0,19;    0,04;    0,06
    4322,750;    1,94;   -0,72;    1,14;    2,28;    1,18;    0,08;    0,14;    0,14;    0,16
    4323,000;    1,90;   -0,91;    1,13;    2,28;    1,18;    0,04;    0,20;    0,20;    0,29
    4323,250;    2,09;   -0,98;    1,33;    2,27;    1,18;    0,12;    0,15;    0,24;    0,35
    4323,500;    2,12;   -0,88;    1,37;    2,28;    1,18;    0,07;    0,22;    0,26;    0,44
    4323,750;    2,08;   -0,95;    1,37;    2,28;    1,18;   -0,05;    0,19;    0,24;    0,45
    4324,000;    1,92;   -1,09;    1,33;    2,27;    1,18;   -0,06;    0,26;    0,21;    0,48
    4324,250;    1,93;   -0,97;    1,37;    2,28;    1,18;   -0,12;    0,25;    0,15;    0,46
    4324,500;    1,90;   -0,70;    1,37;    2,28;    1,18;   -0,16;    0,32;    0,10;    0,45
    4324,750;    1,90;   -0,79;    1,38;    2,28;    1,18;   -0,23;    0,33;    0,01;    0,40
    4325,000;    1,92;   -0,75;    1,47;    2,33;    1,18;   -0,14;    0,40;   -0,05;    0,36
    4325,250;    1,90;   -0,48;    1,52;    2,52;    1,18;   -0,12;    0,42;   -0,14;    0,30
    4325,500;    2,10;   -0,37;    1,57;    2,62;    1,18;   -0,18;    0,48;   -0,18;    0,25
    4325,750;    2,11;   -0,36;    1,77;    2,71;    1,18;   -0,16;    0,51;   -0,26;    0,20
    4326,000;    1,91;   -0,42;    1,81;    2,86;    1,18;   -0,05;    0,55;   -0,26;    0,16
    4326,250;    1,88;   -0,28;    1,86;    2,96;    1,18;   -0,09;    0,58;   -0,31;    0,14
    4326,500;    2,10;   -0,47;    1,91;    3,01;    1,18;   -0,13;    0,60;   -0,27;    0,13
    4326,750;    2,12;   -0,58;    1,97;    3,06;    1,18;   -0,02;    0,62;   -0,27;    0,15
    4327,000;    2,09;   -0,55;    1,96;    3,06;    1,18;    0,05;    0,61;   -0,20;    0,18
    4327,250;    2,12;   -0,50;    1,91;    3,01;    1,18;    0,00;    0,63;   -0,17;    0,24
    4327,500;    2,12;   -0,53;    1,82;    2,96;    1,18;   -0,09;    0,60;   -0,07;    0,29
    4327,750;    2,32;   -0,51;    1,77;    2,96;    1,18;    0,03;    0,60;   -0,01;    0,38
    4328,000;    2,28;   -0,35;    1,57;    2,91;    1,18;   -0,03;    0,55;    0,10;    0,45
    4328,250;    2,32;   -0,42;    1,47;    2,91;    1,18;   -0,09;    0,55;    0,17;    0,55
    4328,500;    2,69;   -0,51;    1,38;    2,91;    1,18;   -0,08;    0,47;    0,27;    0,62
    4328,750;    2,68;   -0,35;    1,38;    2,91;    1,18;   -0,03;    0,47;    0,33;    0,71
    4329,000;    2,86;   -0,15;    1,28;    2,92;    1,18;   -0,03;    0,38;    0,40;    0,77
    4329,250;    2,89;   -0,37;    1,21;    2,91;    1,18;   -0,09;    0,38;    0,43;    0,83
    4329,500;    3,07;   -0,37;    1,14;    2,91;    1,18;   -0,05;    0,28;    0,46;    0,85
    4329,750;    3,07;   -0,30;    1,13;    2,91;    1,18;   -0,10;    0,28;    0,45;    0,86
    4330,000;    3,07;   -0,30;    1,03;    2,91;    1,18;   -0,11;    0,19;    0,44;    0,84
    4330,250;    3,08;   -0,41;    1,03;    2,91;    1,18;   -0,04;    0,19;    0,40;    0,81
    4330,500;    3,07;   -0,46;    0,99;    2,91;    1,18;    0,02;    0,11;    0,34;    0,74
    4330,750;    3,08;   -0,25;    0,99;    2,91;    1,18;   -0,06;    0,11;    0,27;    0,68
    4331,000;    3,07;   -0,21;    1,14;    2,91;    1,18;   -0,08;    0,03;    0,18;    0,57
    4331,250;    3,06;   -0,11;    1,32;    3,11;    1,18;   -0,08;    0,03;    0,09;    0,47
    4331,500;    3,07;   -0,20;    1,52;    3,59;    1,18;   -0,01;   -0,03;   -0,01;    0,34
    4331,750;    3,07;   -0,22;    1,92;    4,03;    1,18;   -0,04;   -0,03;   -0,10;    0,24
    4332,000;    3,26;   -0,22;    2,16;    4,33;    1,19;   -0,09;   -0,09;   -0,20;    0,10
    4332,250;    3,25;   -0,18;    2,26;    4,42;    1,18;   -0,01;   -0,09;   -0,26;    0,00
    4332,500;    3,27;   -0,12;    2,46;    4,52;    1,18;    0,05;   -0,14;   -0,34;   -0,12
    4332,750;    3,27;   -0,07;    2,40;    4,52;    1,18;    0,09;   -0,15;   -0,36;   -0,20
    4333,000;    3,27;   -0,27;    2,26;    4,52;    1,18;    0,00;   -0,19;   -0,41;   -0,29
    4333,250;    3,26;   -0,29;    2,20;    4,47;    1,18;    0,01;   -0,19;   -0,39;   -0,34
    4333,500;    3,27;   -0,20;    2,16;    4,47;    1,18;    0,02;   -0,22;   -0,39;   -0,40
    4333,750;    3,27;   -0,22;    1,91;    4,47;    1,18;   -0,01;   -0,23;   -0,33;   -0,42
    4334,000;    3,26;   -0,35;    1,77;    4,47;    1,18;   -0,01;   -0,25;   -0,29;   -0,44
    4334,250;    3,27;   -0,39;    1,57;    4,47;    1,18;   -0,03;   -0,26;   -0,19;   -0,43
    4334,500;    3,27;   -0,19;    1,43;    4,47;    1,18;   -0,15;   -0,27;   -0,12;   -0,42
    4334,750;    3,26;   -0,26;    1,23;    4,47;    1,18;   -0,17;   -0,28;    0,00;   -0,40
    4335,000;    3,27;   -0,28;    1,09;    4,47;    1,18;   -0,14;   -0,28;    0,08;   -0,36
    4335,250;    3,27;   -0,16;    0,94;    4,47;    1,18;   -0,14;   -0,28;    0,22;   -0,33
    4335,500;    3,28;   -0,08;    0,94;    4,47;    1,18;   -0,20;   -0,28;    0,30;   -0,29
    4335,750;    3,06;    0,01;    0,84;    4,47;    1,18;   -0,19;   -0,27;    0,42;   -0,26
    4336,000;    3,25;    0,17;    0,65;    4,37;    1,18;   -0,10;   -0,26;    0,49;   -0,22
    4336,250;    3,27;    0,22;    0,55;    4,28;    1,18;   -0,16;   -0,26;    0,58;   -0,21
    4336,500;    3,07;    0,23;    0,50;    4,18;    1,18;   -0,15;   -0,24;    0,62;   -0,18
    4336,750;    3,07;    0,21;    0,40;    4,18;    1,18;   -0,14;   -0,24;    0,68;   -0,19
    4337,000;    3,06;    0,25;    0,35;    4,18;    1,18;   -0,10;   -0,22;    0,69;   -0,18
    4337,250;    3,07;    0,19;    0,35;    4,18;    1,18;   -0,10;   -0,23;    0,71;   -0,20
    4337,500;    3,06;    0,12;    0,45;    4,18;    1,18;   -0,08;   -0,21;    0,70;   -0,20
    4337,750;    3,26;    0,22;    0,45;    4,18;    1,18;   -0,02;   -0,22;    0,67;   -0,24
    4338,000;    3,26;    0,16;    0,44;    4,18;    1,18;   -0,01;   -0,20;    0,64;   -0,25
    4338,250;    3,25;    0,27;    0,50;    4,18;    1,18;   -0,03;   -0,22;    0,59;   -0,29
    4338,500;    3,28;    0,21;    0,55;    4,18;    1,18;    0,05;   -0,20;    0,55;   -0,31
    4338,750;    3,27;    0,33;    0,60;    4,18;    1,18;    0,06;   -0,23;    0,48;   -0,34
    4339,000;    3,27;    0,40;    0,64;    4,18;    1,18;    0,05;   -0,20;    0,43;   -0,35
    4339,250;    3,26;    0,28;    0,70;    4,18;    1,18;    0,08;   -0,23;    0,37;   -0,37
    4339,500;    3,25;    0,26;    0,65;    4,18;    1,18;    0,08;   -0,20;    0,32;   -0,37
    4339,750;    3,27;    0,29;    0,65;    4,18;    1,18;    0,16;   -0,24;    0,26;   -0,37
    4340,000;    3,25;    0,09;    0,65;    4,18;    1,18;    0,12;   -0,20;    0,23;   -0,35
    4340,250;    3,26;    0,01;    0,60;    4,18;    1,18;    0,22;   -0,24;    0,17;   -0,34
    4340,500;    3,27;   -0,02;    0,59;    4,08;    1,18;    0,32;   -0,19;    0,15;   -0,30
    4340,750;    3,29;   -0,03;    0,65;    3,98;    1,18;    0,33;   -0,22;    0,10;   -0,26
    4341,000;    3,06;   -0,08;    0,69;    3,94;    1,18;    0,38;   -0,17;    0,07;   -0,21
    4341,250;    3,07;   -0,21;    0,69;    3,88;    1,18;    0,42;   -0,19;    0,03;   -0,17
    4341,500;    3,06;   -0,14;    0,79;    3,79;    1,18;    0,40;   -0,14;    0,00;   -0,11
    4341,750;    3,08;   -0,34;    0,84;    3,60;    1,18;    0,35;   -0,15;   -0,05;   -0,07
    4342,000;    2,87;   -0,56;    0,89;    3,50;    1,18;    0,35;   -0,11;   -0,08;   -0,01
    4342,250;    2,89;   -0,70;    0,94;    3,44;    1,18;    0,36;   -0,10;   -0,13;    0,02
    4342,500;    2,89;   -0,87;    0,99;    3,45;    1,18;    0,30;   -0,07;   -0,17;    0,06
    4342,750;    2,88;   -0,97;    0,99;    3,45;    1,18;    0,20;   -0,06;   -0,22;    0,08
    4343,000;    2,88;   -1,11;    1,03;    3,45;    1,18;    0,18;   -0,03;   -0,26;    0,10
    4343,250;    2,88;   -1,04;    1,08;    3,45;    1,18;    0,12;   -0,01;   -0,32;    0,09
    4343,500;    2,88;   -1,09;    1,09;    3,45;    1,18;    0,02;    0,00;   -0,36;    0,09
    4343,750;    2,87;   -1,09;    1,08;    3,45;    1,18;   -0,02;    0,02;   -0,41;    0,07
    4344,000;    2,87;   -0,98;    1,09;    3,45;    1,18;   -0,07;    0,03;   -0,43;    0,04
    4344,250;    2,87;   -0,82;    1,08;    3,45;    1,18;   -0,10;    0,05;   -0,47;    0,01
    4344,500;    2,88;   -0,69;    1,03;    3,45;    1,18;   -0,16;    0,04;   -0,47;   -0,03
    4344,750;    2,87;   -0,70;    1,03;    3,45;    1,17;   -0,06;    0,06;   -0,49;   -0,07
    4345,000;    2,88;   -0,62;    1,04;    3,45;    1,18;   -0,05;    0,04;   -0,46;   -0,11
    4345,250;    2,87;   -0,63;    1,04;    3,44;    1,18;   -0,06;    0,07;   -0,45;   -0,15
    4345,500;    2,86;   -0,67;    0,99;    3,44;    1,18;   -0,01;    0,04;   -0,40;   -0,19
    4345,750;    2,88;   -0,67;    0,94;    3,45;    1,18;    0,09;    0,06;   -0,37;   -0,21
    4346,000;    2,88;   -0,64;    0,79;    3,45;    1,18;    0,18;    0,04;   -0,30;   -0,24
    4346,250;    2,88;   -0,85;    0,64;    3,45;    1,18;    0,12;    0,06;   -0,25;   -0,25
    4346,500;    2,88;   -0,94;    0,55;    3,44;    1,18;    0,17;    0,03;   -0,18;   -0,25
    4346,750;    2,89;   -0,93;    0,40;    3,45;    1,18;    0,22;    0,05;   -0,13;   -0,24
    4347,000;    2,90;   -0,94;    0,16;    3,35;    1,28;    0,19;    0,03;   -0,07;   -0,23
    4347,250;    2,87;   -1,10;    0,01;    3,15;    1,28;    0,21;    0,05;   -0,03;   -0,21
    4347,500;    2,88;   -1,25;   -0,09;    3,00;    1,28;    0,23;    0,04;    0,00;   -0,19
    4347,750;    2,88;   -1,06;   -0,23;    2,86;    1,28;    0,21;    0,05;    0,03;   -0,15
    4348,000;    2,87;   -1,13;   -0,33;    2,72;    1,28;    0,17;    0,05;    0,02;   -0,12
    4348,250;    2,88;   -1,28;   -0,37;    2,67;    1,28;    0,18;    0,06;    0,03;   -0,09
    4348,500;    2,88;   -1,25;   -0,33;    2,67;    1,28;    0,17;    0,06;   -0,01;   -0,06
    4348,750;    2,88;   -1,29;   -0,28;    2,67;    1,28;    0,10;    0,07;   -0,03;   -0,04
    4349,000;    2,87;   -1,33;   -0,23;    2,67;    1,28;    0,17;    0,07;   -0,09;   -0,02
    4349,250;    2,90;   -1,47;   -0,03;    2,67;    1,28;    0,31;    0,09;   -0,11;    0,00
    4349,500;    2,86;   -1,47;    0,36;    2,67;    1,28;    0,31;    0,09;   -0,19;    0,01
    4349,750;    2,89;   -1,45;    0,71;    2,97;    1,28;    0,22;    0,10;   -0,21;    0,02
    4350,000;    3,07;   -1,45;    1,14;    3,21;    1,28;    0,19;    0,10;   -0,27;    0,02
    4350,250;    3,27;   -1,42;    1,33;    3,21;    1,28;    0,17;    0,12;   -0,27;    0,02
    4350,500;    3,26;   -1,75;    1,42;    3,20;    1,28;    0,16;    0,12;   -0,30;    0,01
    4350,750;    3,27;   -2,00;    1,14;    3,11;    1,28;    0,11;    0,13;   -0,28;    0,01
    4351,000;    3,28;   -2,06;    0,89;    3,11;    1,28;    0,17;    0,13;   -0,27;    0,01
    4351,250;    3,28;   -1,93;    0,79;    3,11;    1,28;    0,20;    0,14;   -0,21;    0,02
    4351,500;    3,07;   -1,82;    0,70;    3,11;    1,28;    0,19;    0,13;   -0,17;    0,02
    4351,750;    3,08;   -1,81;    0,60;    3,11;    1,28;    0,20;    0,14;   -0,08;    0,04
    4352,000;    3,06;   -1,82;    0,50;    3,11;    1,28;    0,06;    0,12;   -0,01;    0,05
    4352,250;    3,08;   -1,81;    0,40;    2,91;    1,28;   -0,01;    0,13;    0,09;    0,08
    4352,500;    3,07;   -1,97;    0,21;    2,77;    1,28;   -0,03;    0,11;    0,17;    0,10
    4352,750;    3,09;   -2,04;   -0,03;    2,62;    1,33;    0,09;    0,11;    0,27;    0,15
    4353,000;    3,05;   -2,01;   -0,08;    2,57;    1,33;    0,17;    0,09;    0,35;    0,18
    4353,250;    3,10;   -2,01;   -0,08;    2,57;    1,33;    0,12;    0,08;    0,41;    0,23
    4353,500;    3,07;   -1,93;   -0,03;    2,57;    1,33;    0,22;    0,06;    0,46;    0,26
    4353,750;    3,05;   -1,97;    0,02;    2,52;    1,33;    0,33;    0,03;    0,49;    0,31
    4354,000;    3,09;   -1,98;    0,01;    2,47;    1,33;    0,32;    0,02;    0,50;    0,34
    4354,250;    3,08;   -2,20;    0,06;    2,43;    1,33;    0,29;   -0,01;    0,48;    0,37
    4354,500;    3,07;   -2,34;    0,16;    2,42;    1,33;    0,26;   -0,02;    0,44;    0,38
    4354,750;    3,07;   -2,18;    0,36;    2,43;    1,33;    0,29;   -0,06;    0,37;    0,40
    4355,000;    3,09;   -2,47;    0,65;    2,43;    1,33;    0,31;   -0,06;    0,30;    0,40
    4355,250;    3,07;   -2,80;    0,85;    2,43;    1,33;    0,28;   -0,10;    0,20;    0,39
    4355,500;    3,09;   -2,93;    0,94;    2,43;    1,33;    0,26;   -0,09;    0,11;    0,37
    4355,750;    3,10;   -2,90;    0,94;    2,43;    1,33;    0,16;   -0,13;    0,00;    0,34
    4356,000;    3,08;   -2,80;    0,99;    2,42;    1,33;    0,12;   -0,11;   -0,10;    0,31
    4356,250;    3,07;   -2,88;    1,09;    2,48;    1,33;    0,14;   -0,14;   -0,21;    0,26
    4356,500;    3,07;   -2,85;    1,09;    2,61;    1,33;    0,08;   -0,12;   -0,29;    0,22
    4356,750;    3,08;   -2,82;    1,09;    2,63;    1,33;   -0,02;   -0,14;   -0,38;    0,16
    4357,000;    3,05;   -2,77;    1,24;    2,72;    1,33;   -0,04;   -0,12;   -0,43;    0,13
    4357,250;    3,09;   -2,67;    1,28;    2,72;    1,33;    0,11;   -0,12;   -0,49;    0,07
    4357,500;    3,07;   -2,70;    1,23;    2,62;    1,33;    0,17;   -0,10;   -0,51;    0,04
    4357,750;    3,09;   -2,62;    1,28;    2,62;    1,33;    0,09;   -0,10;   -0,53;   -0,01
    4358,000;    3,09;   -2,71;    1,33;    2,62;    1,33;    0,07;   -0,08;   -0,52;   -0,02
    4358,250;    2,87;   -2,75;    1,33;    2,62;    1,33;    0,07;   -0,07;   -0,51;   -0,05
    4358,500;    2,89;   -2,80;    1,33;    2,62;    1,33;    0,06;   -0,06;   -0,48;   -0,05
    4358,750;    2,88;   -3,23;    1,23;    2,63;    1,33;    0,02;   -0,03;   -0,46;   -0,06
    4359,000;    2,88;   -3,30;    1,14;    2,62;    1,33;    0,02;   -0,03;   -0,42;   -0,05
    4359,250;    2,87;   -3,17;    1,06;    2,62;    1,28;    0,07;    0,00;   -0,39;   -0,04
    4359,500;    2,88;   -3,05;    0,99;    2,62;    1,28;    0,04;   -0,01;   -0,35;   -0,02
    4359,750;    2,88;   -3,02;    0,92;    2,62;    1,28;    0,02;    0,02;   -0,32;    0,00
    4360,000;    2,87;   -2,94;    0,94;    2,62;    1,27;    0,02;    0,02;   -0,29;    0,03
    4360,250;    2,87;   -2,73;    0,99;    2,62;    1,28;   -0,08;    0,04;   -0,26;    0,05
    4360,500;    2,89;   -2,77;    0,99;    2,62;    1,28;   -0,13;    0,05;   -0,23;    0,08
    4360,750;    2,90;   -2,83;    0,99;    2,62;    1,28;   -0,15;    0,06;   -0,20;    0,11
    4361,000;    2,88;   -2,82;    1,09;    2,63;    1,28;   -0,12;    0,08;   -0,16;    0,13
    4361,250;    2,87;   -2,81;    1,09;    2,62;    1,28;   -0,14;    0,08;   -0,12;    0,15
    4361,500;    2,89;   -2,86;    1,09;    2,62;    1,28;   -0,20;    0,11;   -0,06;    0,17
    4361,750;    2,87;   -2,98;    1,09;    2,57;    1,28;   -0,14;    0,11;    0,01;    0,19
    4362,000;    2,88;   -2,89;    1,04;    2,67;    1,28;   -0,19;    0,14;    0,09;    0,19
    4362,250;    3,08;   -2,73;    0,95;    2,72;    1,28;   -0,22;    0,13;    0,18;    0,21
    4362,500;    3,08;   -2,67;    0,89;    2,87;    1,28;   -0,26;    0,17;    0,29;    0,21
    4362,750;    3,06;   -2,61;    0,70;    2,97;    1,28;   -0,23;    0,16;    0,41;    0,22
    4363,000;    3,07;   -2,35;    0,60;    2,96;    1,28;   -0,26;    0,20;    0,54;    0,22
    4363,250;    3,27;   -2,32;    0,45;    3,02;    1,28;   -0,33;    0,19;    0,67;    0,22
    4363,500;    3,26;   -2,20;    0,36;    3,06;    1,28;   -0,29;    0,22;    0,80;    0,22
    4363,750;    3,46;   -2,17;    0,26;    3,06;    1,28;   -0,25;    0,22;    0,93;    0,22
    4364,000;    3,45;   -2,04;    0,11;    3,02;    1,28;   -0,20;    0,24;    1,04;    0,22
    4364,249;    3,64;   -2,11;    0,02;    2,97;    1,28;   -0,22;    0,25;    1,14;    0,22
    4364,499;    3,86;   -2,10;   -0,03;    2,97;    1,28;   -0,09;    0,26;    1,21;    0,22
    4364,749;    3,84;   -2,01;   -0,07;    2,97;    1,28;   -0,03;    0,28;    1,27;    0,21
    4364,999;    3,84;   -2,02;   -0,27;    2,97;    1,28;   -0,01;    0,28;    1,28;    0,21
    4365,249;    3,64;   -1,99;   -0,42;    2,92;    1,28;   -0,04;    0,32;    1,27;    0,20
    4365,499;    3,64;   -2,07;   -0,42;    2,92;    1,28;    0,12;    0,30;    1,21;    0,19
    4365,749;    3,63;   -1,96;   -0,42;    2,92;    1,28;    0,17;    0,35;    1,15;    0,17
    4365,999;    3,66;   -2,07;   -0,42;    2,92;    1,28;    0,16;    0,33;    1,03;    0,15
    4366,249;    3,66;   -2,23;   -0,30;    2,92;    1,28;    0,23;    0,39;    0,92;    0,13
    4366,499;    3,67;   -2,18;   -0,03;    2,92;    1,28;    0,26;    0,35;    0,75;    0,10
    4366,749;    3,65;   -2,05;    0,21;    2,92;    1,28;    0,33;    0,41;    0,60;    0,06
    4366,999;    3,65;   -2,40;    0,60;    2,87;    1,28;    0,27;    0,38;    0,41;    0,02
    4367,249;    3,44;   -2,63;    0,99;    2,87;    1,28;    0,30;    0,43;    0,26;   -0,02
    4367,499;    3,46;   -2,56;    1,52;    2,87;    1,28;    0,18;    0,39;    0,08;   -0,07
    4367,749;    3,26;   -2,68;    2,02;    2,87;    1,28;   -0,01;    0,42;   -0,06;   -0,11
    4367,999;    3,25;   -2,80;    2,46;    3,01;    1,28;   -0,07;    0,38;   -0,20;   -0,17
    4368,249;    3,26;   -2,96;    2,65;    3,31;    1,28;   -0,05;    0,39;   -0,31;   -0,22
    4368,499;    3,27;   -2,87;    2,80;    3,79;    1,28;   -0,15;    0,35;   -0,41;   -0,28
    4368,749;    3,27;   -2,85;    2,75;    3,84;    1,28;   -0,26;    0,32;   -0,47;   -0,33
    4368,999;    3,28;   -2,59;    2,65;    3,94;    1,28;   -0,23;    0,28;   -0,52;   -0,39
    4369,249;    3,26;   -2,20;    2,59;    4,04;    1,28;   -0,21;    0,22;   -0,55;   -0,43
    4369,499;    3,29;   -1,98;    2,46;    4,08;    1,28;   -0,23;    0,18;   -0,56;   -0,48
    4369,749;    3,27;   -1,90;    2,40;    4,08;    1,28;   -0,27;    0,09;   -0,57;   -0,52
    4369,999;    3,28;   -1,95;    2,26;    4,04;    1,28;   -0,18;    0,05;   -0,57;   -0,56
    4370,249;    3,26;   -1,85;    2,26;    3,99;    1,28;   -0,12;   -0,06;   -0,58;   -0,58
    4370,499;    3,28;   -1,88;    2,26;    3,99;    1,28;    0,00;   -0,10;   -0,58;   -0,61
    4370,749;    3,26;   -2,05;    2,26;    3,99;    1,28;    0,12;   -0,22;   -0,61;   -0,63
    4370,999;    3,28;   -2,11;    2,26;    3,99;    1,28;    0,19;   -0,26;   -0,62;   -0,64
    4371,249;    3,28;   -2,14;    2,41;    3,99;    1,28;    0,20;   -0,37;   -0,68;   -0,64
    4371,499;    3,26;   -2,33;    2,55;    3,99;    1,28;    0,19;   -0,41;   -0,73;   -0,64
    4371,749;    3,26;   -2,49;    2,60;    3,99;    1,28;    0,34;   -0,51;   -0,82;   -0,62
    4371,999;    3,26;   -2,59;    2,60;    3,99;    1,28;    0,34;   -0,54;   -0,89;   -0,60
    4372,249;    3,25;   -2,57;    2,60;    3,99;    1,28;    0,31;   -0,61;   -0,99;   -0,58
    4372,499;    3,29;   -2,55;    2,65;    3,99;    1,28;    0,34;   -0,64;   -1,07;   -0,54
    4372,749;    3,45;   -2,50;    2,80;    3,99;    1,28;    0,38;   -0,68;   -1,17;   -0,50
    4372,999;    3,50;   -2,52;    2,90;    3,99;    1,28;    0,29;   -0,70;   -1,24;   -0,45
    4373,249;    3,66;   -2,86;    2,99;    3,99;    1,27;    0,14;   -0,70;   -1,30;   -0,40
    4373,499;    3,67;   -2,89;    3,00;    3,99;    1,28;    0,06;   -0,72;   -1,32;   -0,33
    4373,749;    3,75;   -2,97;    3,05;    3,99;    1,28;    0,09;   -0,70;   -1,33;   -0,27
    4373,999;    3,84;   -3,13;    3,04;    3,99;    1,28;    0,07;   -0,70;   -1,29;   -0,19
    4374,249;    3,65;   -3,30;    2,99;    3,99;    1,28;    0,08;   -0,67;   -1,23;   -0,13
    4374,499;    3,65;   -3,20;    2,85;    3,99;    1,28;    0,08;   -0,66;   -1,12;   -0,05
    4374,749;    3,64;   -2,92;    2,70;    3,99;    1,28;   -0,04;   -0,62;   -0,98;    0,02
    4374,999;    3,65;   -2,78;    2,56;    3,99;    1,18;   -0,07;   -0,61;   -0,81;    0,10
    4375,249;    3,65;   -2,85;    2,31;    3,99;    1,18;   -0,16;   -0,57;   -0,61;    0,17
    4375,499;    3,63;   -2,77;    2,12;    3,99;    1,19;   -0,26;   -0,54;   -0,39;    0,24
    4375,749;    3,68;   -2,74;    1,87;    3,99;    1,14;   -0,44;   -0,52;   -0,15;    0,30
    4375,999;    3,64;   -2,74;    1,58;    3,99;    1,03;   -0,43;   -0,48;    0,10;    0,37
    4376,249;    3,65;   -2,74;    1,34;    3,99;    1,03;   -0,34;   -0,47;    0,34;    0,42
    4376,499;    3,64;   -2,70;    1,09;    3,84;    1,03;   -0,32;   -0,43;    0,58;    0,47
    4376,749;    3,66;   -2,50;    0,89;    3,75;    1,04;   -0,39;   -0,43;    0,80;    0,51
    4376,999;    3,64;   -2,34;    0,65;    3,74;    1,03;   -0,33;   -0,39;    0,99;    0,54
    4377,249;    3,65;   -1,98;    0,41;    3,65;    1,03;   -0,28;   -0,40;    1,16;    0,56
    4377,499;    3,66;   -1,92;    0,17;    3,60;    1,03;   -0,26;   -0,36;    1,29;    0,58
    4377,749;    3,67;   -1,91;    0,07;    3,55;    1,03;   -0,31;   -0,37;    1,39;    0,59
    4377,999;    3,66;   -1,82;   -0,03;    3,45;    1,04;   -0,27;   -0,34;    1,45;    0,58
    4378,249;    3,45;   -1,68;   -0,22;    3,40;    1,03;   -0,19;   -0,35;    1,48;    0,58
    4378,499;    3,46;   -1,79;   -0,22;    3,40;    1,04;   -0,17;   -0,33;    1,47;    0,56
    4378,749;    3,46;   -1,90;   -0,18;    3,40;    1,03;   -0,05;   -0,32;    1,43;    0,54
    4378,999;    3,47;   -1,95;   -0,03;    3,41;    1,03;   -0,06;   -0,32;    1,37;    0,50
    4379,249;    3,47;   -1,80;    0,12;    3,41;    1,04;   -0,07;   -0,29;    1,28;    0,47
    4379,499;    3,45;   -1,90;    0,21;    3,40;    1,04;   -0,09;   -0,31;    1,18;    0,43
    4379,749;    3,28;   -1,92;    0,40;    3,40;    1,04;   -0,06;   -0,25;    1,07;    0,39
    4379,999;    3,26;   -1,84;    0,56;    3,40;    1,03;   -0,10;   -0,28;    0,95;    0,34
    4380,249;    3,27;   -1,83;    0,70;    3,40;    1,03;   -0,15;   -0,20;    0,83;    0,30
    4380,499;    3,27;   -1,75;    0,90;    3,40;    1,03;   -0,17;   -0,24;    0,72;    0,26
    4380,749;    3,26;   -1,69;    0,99;    3,40;    1,03;   -0,11;   -0,14;    0,61;    0,22
    4380,999;    3,27;   -1,56;    1,04;    3,41;    1,03;   -0,17;   -0,18;    0,51;    0,18
    4381,249;    3,07;   -1,52;    1,04;    3,41;    1,03;   -0,12;   -0,07;    0,42;    0,14
    4381,499;    3,06;   -1,49;    1,04;    3,40;    1,03;    0,00;   -0,10;    0,33;    0,11
    4381,749;    2,89;   -1,46;    1,04;    3,40;    1,04;    0,07;    0,00;    0,26;    0,07
    4381,999;    2,87;   -1,45;    1,09;    3,40;    1,03;    0,10;   -0,01;    0,19;    0,05
    4382,249;    2,67;   -1,46;    1,28;    3,40;    1,03;    0,06;    0,07;    0,14;    0,02
    4382,499;    2,71;   -1,39;    1,38;    3,40;    1,03;    0,12;    0,08;    0,07;    0,01
    4382,749;    2,48;   -1,56;    1,43;    3,40;    1,03;    0,08;    0,13;    0,03;   -0,01
    4382,999;    2,30;   -1,84;    1,43;    3,40;    1,03;    0,06;    0,16;   -0,04;   -0,02
    4383,249;    2,31;   -2,05;    1,43;    3,40;    1,03;    0,10;    0,17;   -0,09;   -0,03
    4383,499;    2,48;   -2,04;    1,27;    3,40;    1,04;    0,13;    0,23;   -0,16;   -0,04
    4383,749;    2,52;   -1,89;    1,28;    3,35;    1,03;    0,17;    0,20;   -0,21;   -0,06
    4383,999;    2,49;   -1,91;    1,28;    3,21;    1,08;    0,18;    0,28;   -0,29;   -0,07
    4384,249;    2,50;   -1,75;    1,28;    3,21;    1,13;    0,17;    0,22;   -0,36;   -0,09
    4384,499;    2,49;   -1,67;    1,38;    3,20;    1,13;    0,08;    0,31;   -0,44;   -0,12
    4384,749;    2,69;   -1,75;    1,43;    3,21;    1,13;   -0,02;    0,23;   -0,51;   -0,14
    4384,999;    2,68;   -1,83;    1,53;    3,20;    1,13;    0,00;    0,32;   -0,59;   -0,17
    4385,249;    2,68;   -1,96;    1,87;    3,21;    1,14;    0,03;    0,24;   -0,66;   -0,20
    4385,499;    2,68;   -1,91;    2,16;    3,20;    1,13;   -0,06;    0,33;   -0,73;   -0,25
    4385,749;    2,68;   -2,07;    2,35;    3,46;    1,13;   -0,05;    0,26;   -0,79;   -0,27
    4385,999;    2,68;   -2,08;    2,79;    3,79;    1,13;    0,00;    0,35;   -0,84;   -0,33
    4386,249;    2,88;   -1,99;    2,89;    3,94;    1,13;    0,00;    0,31;   -0,89;   -0,35
    4386,499;    2,89;   -2,04;    2,65;    3,98;    1,13;   -0,05;    0,38;   -0,92;   -0,40
    4386,749;    2,89;   -1,97;    2,31;    3,89;    1,13;   -0,09;    0,37;   -0,94;   -0,42
    4386,999;    2,87;   -1,72;    1,96;    3,89;    1,13;    0,07;    0,43;   -0,94;   -0,45
    4387,249;    2,66;   -1,60;    1,77;    3,89;    1,14;    0,07;    0,46;   -0,94;   -0,46
    4387,499;    2,69;   -1,67;    1,52;    3,89;    1,13;    0,10;    0,49;   -0,92;   -0,48
    4387,749;    2,69;   -1,76;    1,38;    3,89;    1,13;    0,16;    0,54;   -0,90;   -0,48
    4387,999;    2,70;   -1,68;    1,23;    3,60;    1,13;    0,23;    0,55;   -0,86;   -0,47
    4388,249;    2,66;   -1,69;    1,08;    3,55;    1,13;    0,28;    0,61;   -0,82;   -0,46
    4388,499;    2,72;   -2,14;    1,04;    3,40;    1,14;    0,33;    0,59;   -0,77;   -0,43
    4388,749;    2,68;   -2,27;    0,94;    3,16;    1,14;    0,37;    0,64;   -0,72;   -0,41
    4388,999;    2,70;   -2,39;    0,85;    3,01;    1,13;    0,32;    0,60;   -0,68;   -0,36
    4389,249;    2,70;   -2,46;    0,79;    2,91;    1,13;    0,29;    0,61;   -0,62;   -0,33
    4389,499;    2,70;   -2,73;    0,58;    2,77;    1,13;    0,30;    0,55;   -0,58;   -0,27
    4389,749;    2,70;   -2,81;    0,36;    2,72;    1,13;    0,29;    0,52;   -0,52;   -0,25
    4389,999;    2,69;   -2,71;    0,15;    2,57;    1,13;    0,11;    0,45;   -0,48;   -0,19
    4390,249;    2,88;   -2,71;   -0,08;    2,32;    1,13;    0,00;    0,38;   -0,41;   -0,16
    4390,499;    3,06;   -2,62;   -0,27;    2,14;    1,14;   -0,13;    0,30;   -0,38;   -0,11
    4390,749;    3,09;   -2,62;   -0,32;    2,13;    1,13;   -0,17;    0,20;   -0,30;   -0,09
    4390,999;    3,07;   -2,59;   -0,32;    2,08;    1,13;   -0,33;    0,14;   -0,26;   -0,04
    4391,249;    3,07;   -2,56;   -0,42;    2,09;    1,13;   -0,36;    0,04;   -0,17;   -0,02
    4391,499;    3,26;   -2,48;   -0,48;    2,09;    1,14;   -0,32;    0,00;   -0,11;    0,03
    4391,749;    3,27;   -2,28;   -0,47;    2,08;    1,14;   -0,37;   -0,08;   -0,01;    0,06
    4391,999;    3,28;   -1,99;   -0,47;    2,08;    1,13;   -0,42;   -0,08;    0,07;    0,10
    4392,249;    3,25;   -1,95;   -0,62;    2,09;    1,13;   -0,42;   -0,11;    0,19;    0,15
    4392,499;    3,08;   -1,76;   -0,76;    2,04;    1,13;   -0,38;   -0,06;    0,31;    0,20
    4392,749;    3,07;   -1,71;   -0,91;    1,88;    1,14;   -0,44;   -0,02;    0,44;    0,27
    4392,999;    3,09;   -1,74;   -1,11;    1,74;    1,13;   -0,51;    0,07;    0,58;    0,33
    4393,249;    3,09;   -1,59;   -1,21;    1,43;    1,13;   -0,41;    0,20;    0,72;    0,43
    4393,499;    3,05;   -1,37;   -1,64;    1,35;    1,13;   -0,27;    0,31;    0,87;    0,50
    4393,749;    2,89;   -1,35;   -1,64;    1,21;    1,08;   -0,28;    0,52;    1,00;    0,61
    4393,999;    2,70;   -1,45;   -1,94;    1,21;    1,08;   -0,24;    0,64;    1,14;    0,68
    4394,249;    2,70;   -1,26;   -1,98;    1,21;    1,08;   -0,14;    0,91;    1,24;    0,79
    4394,499;    2,67;   -0,95;   -1,80;    1,20;    1,08;   -0,07;    1,01;    1,35;    0,85
    4394,749;    2,10;   -1,06;   -1,74;    1,20;    1,08;   -0,01;    1,31;    1,39;    0,93
    4394,999;    1,91;   -1,18;   -1,64;    1,21;    1,08;    0,05;    1,37;    1,45;    0,97
    4395,249;    1,92;   -1,12;   -1,45;    1,21;    1,08;    0,06;    1,66;    1,42;    0,98
    4395,499;    1,73;   -1,05;   -1,30;    1,20;    1,09;    0,02;    1,66;    1,41;    0,97
    4395,749;    1,36;   -1,28;   -1,11;    1,21;    1,09;    0,09;    1,89;    1,30;    0,92
    4395,999;    1,36;   -1,53;   -1,06;    1,20;    1,08;    0,15;    1,82;    1,21;    0,85
    4396,249;    1,34;   -1,57;   -0,86;    1,21;    1,09;    0,13;    1,97;    1,03;    0,71
    4396,499;    1,36;   -1,53;   -0,67;    1,21;    1,09;    0,04;    1,84;    0,86;    0,58
    4396,749;    1,33;   -1,53;   -0,47;    1,30;    1,08;    0,05;    1,87;    0,62;    0,36
    4396,999;    1,47;   -1,51;   -0,28;    1,60;    1,08;    0,16;    1,69;    0,40;    0,17
    4397,249;    1,74;   -1,52;   -0,03;    1,98;    1,08;    0,07;    1,61;    0,13;   -0,10
    4397,499;    2,32;   -1,40;    0,41;    2,48;    1,09;   -0,04;    1,39;   -0,13;   -0,32
    4397,749;    3,26;   -1,46;    0,79;    2,96;    1,08;   -0,06;    1,19;   -0,39;   -0,61
    4397,999;    3,85;   -1,30;    1,09;    3,35;    1,08;   -0,01;    0,97;   -0,64;   -0,84
    4398,249;    4,44;   -1,28;    1,52;    3,79;    1,09;    0,01;    0,67;   -0,87;   -1,11
    4398,499;    4,99;   -1,52;    1,87;    4,08;    1,13;    0,01;    0,47;   -1,07;   -1,31
    4398,749;    5,41;   -1,49;    2,02;    4,28;    1,13;    0,07;    0,10;   -1,24;   -1,52
    4398,999;    5,77;   -1,42;    2,11;    4,43;    1,13;    0,15;   -0,09;   -1,38;   -1,67
    4399,249;    5,98;   -1,38;    2,02;    4,53;    1,13;    0,12;   -0,50;   -1,46;   -1,79
    4399,499;    6,35;   -1,50;    2,02;    4,48;    1,13;    0,19;   -0,67;   -1,52;   -1,87
    4399,749;    6,75;   -1,58;    2,02;    4,48;    1,13;    0,21;   -1,09;   -1,52;   -1,89
    4399,999;    6,93;   -1,54;    1,92;    4,48;    1,13;    0,10;   -1,24;   -1,50;   -1,89
    4400,249;    7,31;   -1,74;    1,87;    4,48;    1,13;    0,06;   -1,64;   -1,44;   -1,81
    4400,499;    7,77;   -1,85;    1,72;    4,47;    1,13;    0,04;   -1,79;   -1,36;   -1,75
    4400,749;    8,27;   -1,81;    1,53;    4,28;    1,13;    0,07;   -2,15;   -1,26;   -1,61
    4400,999;    8,48;   -1,86;    1,38;    4,19;    1,13;   -0,01;   -2,30;   -1,14;   -1,51
    4401,249;    8,67;   -1,91;    1,08;    3,80;    1,13;   -0,01;   -2,61;   -1,03;   -1,32
    4401,499;    8,87;   -1,83;    0,83;    3,40;    1,13;    0,04;   -2,77;   -0,90;   -1,21
    4401,749;    9,26;   -1,67;    0,60;    2,92;    1,14;    0,03;   -3,02;   -0,80;   -1,02
    4401,999;    9,46;   -1,53;    0,27;    2,57;    1,13;   -0,03;   -3,18;   -0,69;   -0,92
    4402,249;    9,44;   -1,58;    0,07;    2,18;    1,13;   -0,03;   -3,36;   -0,63;   -0,75
    4402,499;    9,45;   -1,47;   -0,32;    2,00;    1,13;    0,02;   -3,50;   -0,54;   -0,66
    4402,749;    9,46;   -1,55;   -0,47;    1,68;    1,13;    0,08;   -3,61;   -0,51;   -0,53
    4402,999;    9,44;   -1,67;   -0,61;    1,55;    1,13;    0,01;   -3,71;   -0,44;   -0,45
    4403,249;    9,45;   -1,82;   -0,66;    1,46;    1,13;    0,03;   -3,75;   -0,42;   -0,35
    4403,499;    9,25;   -1,76;   -0,48;    1,46;    1,13;    0,23;   -3,77;   -0,36;   -0,27
    4403,749;    9,25;   -1,73;   -0,17;    1,45;    1,13;    0,32;   -3,76;   -0,33;   -0,17
    4403,999;    9,05;   -1,91;    0,22;    1,46;    1,13;    0,35;   -3,68;   -0,24;   -0,06
    4404,249;    8,30;   -2,16;    0,41;    1,45;    1,14;    0,26;   -3,60;   -0,17;    0,06
    4404,499;    7,70;   -1,87;    0,60;    1,46;    1,13;    0,18;   -3,41;   -0,04;    0,22
    4404,749;    7,33;   -1,75;    0,55;    1,46;    1,13;    0,06;   -3,29;    0,11;    0,39
    4404,999;    6,73;   -2,22;    0,26;    1,45;    1,13;    0,08;   -2,97;    0,30;    0,61
    4405,249;    6,24;   -2,55;   -0,18;    1,26;    1,13;    0,12;   -2,81;    0,54;    0,84
    4405,499;    5,79;   -2,51;   -0,71;    0,92;    1,13;    0,05;   -2,40;    0,78;    1,13
    4405,749;    5,08;   -2,32;   -1,05;    0,52;    1,13;   -0,04;   -2,20;    1,10;    1,42
    4405,999;    4,62;   -2,22;   -1,45;    0,28;    1,13;    0,09;   -1,72;    1,38;    1,75
    4406,249;    4,24;   -2,00;   -1,83;   -0,06;    1,13;    0,19;   -1,50;    1,75;    2,07
    4406,499;    3,46;   -2,01;   -2,23;   -0,35;    1,13;    0,00;   -1,00;    2,04;    2,40
    4406,749;    2,90;   -2,09;   -2,52;   -0,70;    1,13;   -0,10;   -0,75;    2,42;    2,71
    4406,999;    2,07;   -2,05;   -2,62;   -0,79;    1,13;   -0,08;   -0,29;    2,67;    2,99
    4407,249;    1,52;   -2,03;   -2,77;   -0,89;    1,13;   -0,10;   -0,02;    3,00;    3,25
    4407,499;    0,78;   -2,12;   -2,77;   -0,89;    1,13;   -0,11;    0,37;    3,17;    3,43
    4407,749;    0,36;   -2,30;   -2,67;   -0,89;    1,13;   -0,07;    0,65;    3,40;    3,58
    4407,999;   -0,01;   -2,24;   -2,57;   -0,89;    1,13;   -0,12;    0,93;    3,45;    3,63
    4408,249;   -0,01;   -2,25;   -2,47;   -0,89;    1,13;   -0,27;    1,23;    3,55;    3,64
    4408,499;   -0,19;   -2,26;   -2,18;   -0,80;    1,13;   -0,37;    1,38;    3,47;    3,54
    4408,749;   -0,19;   -2,02;   -2,03;   -0,14;    1,13;   -0,37;    1,68;    3,40;    3,40
    4408,999;   -0,38;   -1,90;   -1,50;    0,72;    1,13;   -0,42;    1,71;    3,19;    3,17
    4409,249;   -0,39;   -1,79;   -1,20;    1,20;    1,13;   -0,54;    2,01;    2,97;    2,89
    4409,499;    0,59;   -1,63;   -0,72;    1,84;    1,13;   -0,53;    1,92;    2,66;    2,54
    4409,749;   -0,56;   -1,26;    0,20;    2,52;    1,13;   -0,52;    2,21;    2,32;    2,15
    4409,999;    0,58;   -0,93;    1,08;    3,34;    1,13;   -0,55;    2,04;    1,94;    1,74
    4410,249;   -0,40;   -0,93;    1,94;    4,21;    1,13;   -0,43;    2,29;    1,51;    1,30
    4410,499;   -0,39;   -0,87;    2,84;    5,06;    1,14;   -0,41;    2,07;    1,11;    0,88
    4410,749;   -0,40;   -0,70;    3,67;    5,94;    1,13;   -0,33;    2,29;    0,65;    0,43
    4410,999;   -0,20;   -0,66;    4,21;    6,57;    1,13;   -0,25;    2,05;    0,27;    0,06
    4411,249;   -0,19;   -0,69;    4,79;    7,12;    1,13;   -0,15;    2,21;   -0,16;   -0,35
    4411,499;   -0,01;   -0,60;    5,07;    7,61;    1,13;   -0,03;    1,99;   -0,49;   -0,64
    4411,749;    0,19;   -0,72;    5,32;    7,96;    1,13;   -0,03;    2,10;   -0,86;   -0,97
    4411,999;    0,36;   -0,66;    5,41;    8,06;    1,13;    0,05;    1,92;   -1,13;   -1,17
    4412,249;    0,77;   -0,81;    5,65;    8,06;    1,13;    0,19;    1,96;   -1,41;   -1,41
    4412,499;    0,95;   -0,87;    5,94;    8,21;    1,13;    0,29;    1,85;   -1,61;   -1,51
    4412,749;    1,00;   -0,81;    6,18;    8,51;    1,13;    0,30;    1,84;   -1,80;   -1,67
    4412,999;    1,71;   -0,84;    6,43;    8,51;    1,13;    0,34;    1,79;   -1,93;   -1,70
    4413,249;    1,91;   -0,83;    6,62;    8,56;    1,13;    0,36;    1,74;   -2,05;   -1,77
    4413,499;    2,11;   -1,03;    6,67;    8,51;    1,13;    0,38;    1,75;   -2,13;   -1,76; passo de nivel
    4413,749;    2,10;   -1,28;    6,72;    8,46;    1,13;    0,26;    1,68;   -2,18;   -1,78
    4413,999;    2,31;   -1,53;    6,72;    8,47;    1,13;    0,27;    1,75;   -2,23;   -1,74
    4414,249;    2,31;   -1,57;    6,62;    8,47;    1,13;    0,29;    1,68;   -2,23;   -1,72
    4414,499;    2,31;   -1,64;    6,48;    8,41;    1,13;    0,26;    1,79;   -2,26;   -1,68
    4414,749;    2,31;   -1,81;    6,28;    8,20;    1,13;    0,27;    1,74;   -2,23;   -1,64
    4414,999;    2,29;   -1,81;    6,09;    7,96;    1,13;    0,28;    1,86;   -2,22;   -1,61
    4415,249;    2,31;   -1,59;    6,04;    7,76;    1,13;    0,26;    1,84;   -2,18;   -1,55
    4415,499;    2,29;   -1,68;    5,85;    7,61;    1,13;    0,15;    1,97;   -2,14;   -1,53
    4415,749;    2,31;   -1,67;    5,65;    7,51;    1,13;    0,17;    1,97;   -2,09;   -1,46
    4415,999;    2,30;   -1,62;    5,32;    7,41;    1,13;    0,16;    2,08;   -2,00;   -1,45
    4416,249;    2,31;   -1,65;    5,27;    7,25;    1,13;    0,12;    2,10;   -1,94;   -1,37
    4416,499;    2,30;   -1,87;    4,93;    7,16;    1,09;    0,14;    2,17;   -1,81;   -1,34
    4416,749;    2,29;   -2,06;    4,88;    6,76;    1,09;    0,22;    2,19;   -1,75;   -1,25
    4416,999;    2,71;   -1,98;    4,75;    6,50;    1,09;    0,15;    2,22;   -1,57;   -1,21
    4417,249;    2,86;   -2,09;    4,55;    6,25;    1,03;    0,14;    2,23;   -1,51;   -1,12
    4417,499;    2,89;   -2,13;    4,31;    6,10;    1,04;    0,14;    2,21;   -1,31;   -1,07
    4417,749;    3,45;   -2,17;    4,02;    5,90;    1,04;    0,16;    2,17;   -1,26;   -0,98
    4417,999;    3,73;   -2,22;    3,77;    5,75;    1,03;    0,08;    2,11;   -1,05;   -0,93
    4418,249;    3,85;   -2,26;    3,62;    5,60;    1,03;   -0,01;    2,01;   -1,01;   -0,86
    4418,499;    4,36;   -2,14;    2,88;    5,36;    1,03;    0,11;    1,91;   -0,83;   -0,81
    4418,749;    4,62;   -2,09;    2,92;    5,16;    1,03;    0,07;    1,75;   -0,81;   -0,77
    4418,999;    4,80;   -2,03;    2,70;    5,16;    0,98;    0,02;    1,62;   -0,68;   -0,75
    4419,249;    5,13;   -2,12;    2,75;    5,16;    0,88;   -0,04;    1,39;   -0,69;   -0,73
    4419,499;    5,51;   -2,10;    2,65;    5,16;    0,89;   -0,02;    1,25;   -0,63;   -0,74
    4419,749;    5,95;   -2,04;    2,70;    5,16;    0,89;   -0,04;    0,97;   -0,66;   -0,76
    4419,999;    6,47;   -2,31;    2,65;    5,16;    0,89;    0,00;    0,82;   -0,67;   -0,79
    4420,249;    6,94;   -2,29;    2,67;    5,17;    0,89;    0,06;    0,50;   -0,72;   -0,82
    4420,499;    7,51;   -2,20;    2,75;    5,16;    0,89;    0,09;    0,36;   -0,78;   -0,87
    4420,749;    7,89;   -2,06;    2,75;    5,17;    0,89;    0,06;    0,02;   -0,82;   -0,91
    4420,999;    8,46;   -2,16;    3,00;    5,17;    0,88;    0,22;   -0,11;   -0,93;   -0,96
    4421,249;    9,06;   -2,15;    3,14;    5,16;    0,88;    0,26;   -0,45;   -0,94;   -0,98
    4421,499;    9,50;   -2,15;    3,34;    5,46;    0,88;    0,15;   -0,56;   -1,05;   -1,01
    4421,749;   10,05;   -2,26;    3,68;    5,67;    0,89;    0,15;   -0,87;   -1,01;   -0,99
    4421,999;   10,36;   -2,30;    4,08;    5,88;    0,89;    0,22;   -0,97;   -1,09;   -0,99
    4422,249;   10,99;   -2,29;    4,12;    5,87;    0,88;    0,27;   -1,24;   -0,98;   -0,92
    4422,499;   11,38;   -2,77;    4,03;    5,86;    0,89;    0,18;   -1,34;   -1,00;   -0,87
    4422,749;   11,40;   -2,81;    3,69;    5,87;    0,89;    0,11;   -1,55;   -0,83;   -0,75
    4422,999;   11,55;   -2,77;    3,25;    5,47;    0,89;    0,02;   -1,66;   -0,78;   -0,66
    4423,249;   11,81;   -2,75;    2,71;    4,78;    0,89;   -0,17;   -1,80;   -0,55;   -0,50
    4423,499;   11,95;   -2,87;    2,27;    4,22;    0,89;   -0,25;   -1,91;   -0,41;   -0,37
    4423,749;   12,14;   -2,88;    1,59;    3,76;    0,89;   -0,27;   -2,00;   -0,14;   -0,19
    4423,999;   12,34;   -2,71;    1,10;    3,32;    0,89;   -0,50;   -2,12;    0,07;   -0,04
    4424,249;   12,51;   -2,48;    0,62;    2,98;    0,89;   -0,65;   -2,15;    0,35;    0,13
    4424,499;   12,53;   -2,22;    0,13;    2,64;    0,88;   -0,66;   -2,28;    0,59;    0,28
    4424,749;   12,70;   -1,74;   -0,36;    2,49;    0,89;   -0,58;   -2,26;    0,86;    0,42
    4424,999;   12,74;   -1,54;   -0,75;    2,34;    0,89;   -0,72;   -2,40;    1,12;    0,56
    4425,249;   12,70;   -1,49;   -0,89;    2,25;    0,89;   -0,79;   -2,35;    1,34;    0,66
    4425,499;   12,91;   -1,27;   -1,09;    2,25;    0,88;   -0,78;   -2,48;    1,57;    0,76
    4425,749;   12,92;   -0,87;   -1,14;    2,25;    0,88;   -0,79;   -2,40;    1,74;    0,81
    4425,999;   12,92;   -0,79;   -1,19;    2,25;    0,88;   -0,75;   -2,52;    1,92;    0,88
    4426,249;   12,93;   -1,01;   -1,29;    2,25;    0,88;   -0,70;   -2,44;    2,02;    0,88
    4426,499;   12,92;   -0,72;   -1,53;    2,15;    0,88;   -0,63;   -2,53;    2,13;    0,91
    4426,749;   12,93;   -0,50;   -1,58;    2,10;    0,89;   -0,61;   -2,45;    2,16;    0,88
    4426,999;   12,74;   -0,36;   -1,77;    1,71;    0,89;   -0,49;   -2,52;    2,19;    0,89
    4427,249;   12,72;   -0,13;   -2,11;    1,32;    0,89;   -0,24;   -2,44;    2,17;    0,83
    4427,499;   12,72;    0,02;   -2,36;    1,27;    0,89;   -0,12;   -2,47;    2,12;    0,83
    4427,749;   12,53;    0,37;   -2,31;    1,28;    0,89;   -0,10;   -2,41;    2,05;    0,77
    4427,999;   12,53;    0,35;   -2,11;    1,28;    0,89;    0,04;   -2,40;    1,94;    0,77
    4428,249;   12,52;    0,33;   -1,92;    1,27;    0,89;    0,17;   -2,35;    1,84;    0,71
    4428,499;   12,32;    0,21;   -1,77;    1,27;    0,89;    0,30;   -2,31;    1,68;    0,71
    4428,749;   12,35;   -0,14;   -1,57;    1,27;    0,89;    0,40;   -2,25;    1,56;    0,67
    4428,999;   12,34;   -0,44;   -1,23;    1,27;    0,89;    0,45;   -2,17;    1,37;    0,68
    4429,249;   12,33;   -0,72;   -1,10;    1,27;    0,88;    0,71;   -2,10;    1,25;    0,66
    4429,499;   12,16;   -0,83;   -0,85;    1,27;    0,88;    0,75;   -2,00;    1,05;    0,67
    4429,749;   11,92;   -1,01;   -0,70;    1,27;    0,89;    0,69;   -1,91;    0,93;    0,66
    4429,999;   11,94;   -1,25;   -0,46;    1,27;    0,88;    0,72;   -1,78;    0,75;    0,67
    4430,249;   11,95;   -1,32;   -0,27;    1,27;    0,89;    0,64;   -1,66;    0,63;    0,67
    4430,499;   11,76;   -1,35;   -0,07;    1,26;    0,89;    0,58;   -1,51;    0,47;    0,67
    4430,749;   11,56;   -1,77;    0,13;    1,26;    0,88;    0,47;   -1,36;    0,36;    0,68
    4430,999;   11,38;   -1,89;    0,26;    1,26;    0,88;    0,44;   -1,20;    0,25;    0,68
    4431,249;   10,99;   -1,75;    0,55;    1,26;    0,88;    0,39;   -1,02;    0,14;    0,68
    4431,499;   10,16;   -1,94;    0,70;    1,26;    0,89;    0,21;   -0,85;    0,08;    0,67
    4431,749;   10,03;   -2,05;    0,80;    1,26;    0,89;    0,14;   -0,64;   -0,01;    0,67
    4431,999;   10,02;   -2,19;    0,89;    1,25;    0,88;    0,14;   -0,46;   -0,03;    0,66
    4432,249;    9,81;   -2,14;    0,89;    1,25;    0,98;    0,05;   -0,24;   -0,10;    0,65
    4432,499;    9,81;   -2,15;    0,89;    1,25;    0,98;   -0,05;   -0,06;   -0,07;    0,64
    4432,749;    9,83;   -2,17;    0,84;    1,25;    0,98;   -0,01;    0,17;   -0,12;    0,64
    4432,999;    9,82;   -1,87;    0,70;    1,26;    0,98;    0,02;    0,34;   -0,05;    0,64
    4433,249;    9,81;   -1,72;    0,70;    1,25;    0,99;   -0,06;    0,55;   -0,09;    0,64
    4433,499;    9,80;   -1,76;    0,70;    1,26;    0,98;   -0,15;    0,72;    0,00;    0,65
    4433,749;    9,83;   -1,93;    0,70;    1,30;    0,99;   -0,12;    0,91;   -0,01;    0,65
    4433,999;    9,84;   -1,75;    0,65;    1,30;    0,98;   -0,10;    1,07;    0,09;    0,67
    4434,249;    9,83;   -1,72;    0,65;    1,45;    0,98;   -0,19;    1,22;    0,09;    0,67
    4434,499;    9,84;   -2,01;    0,60;    1,55;    0,98;   -0,13;    1,38;    0,18;    0,70
    4434,749;    9,84;   -1,86;    0,60;    1,60;    0,98;    0,03;    1,49;    0,19;    0,70
    4434,999;    9,82;   -1,73;    0,60;    1,65;    0,98;   -0,01;    1,63;    0,25;    0,73
    4435,249;    9,85;   -1,79;    0,60;    1,75;    0,99;   -0,10;    1,70;    0,27;    0,73
    4435,499;    9,99;   -1,86;    0,60;    1,87;    0,98;    0,00;    1,83;    0,30;    0,75
    4435,749;   10,04;   -1,59;    0,60;    1,89;    0,98;    0,06;    1,87;    0,32;    0,75
    4435,999;   10,19;   -1,50;    0,61;    1,90;    0,98;   -0,03;    1,98;    0,30;    0,75
    4436,249;   10,40;   -1,81;    0,51;    1,90;    0,98;    0,00;    1,98;    0,32;    0,74
    4436,499;   10,58;   -1,73;    0,46;    1,85;    0,98;    0,10;    2,08;    0,27;    0,71
    4436,749;   10,79;   -1,63;    0,46;    1,75;    0,98;    0,11;    2,05;    0,27;    0,70
    4436,999;   10,78;   -1,75;    0,42;    1,75;    0,99;    0,13;    2,12;    0,19;    0,64
    4437,249;   10,97;   -1,88;    0,42;    1,76;    0,98;    0,23;    2,09;    0,18;    0,62
    4437,499;   11,00;   -1,92;    0,42;    1,76;    0,98;    0,24;    2,13;    0,08;    0,53
    4437,749;   11,17;   -1,88;    0,42;    1,76;    0,98;    0,10;    2,08;    0,06;    0,49
    4437,999;   11,18;   -2,02;    0,41;    1,76;    0,98;    0,15;    2,10;   -0,04;    0,39
    4438,249;   11,59;   -2,11;    0,47;    1,75;    0,98;    0,20;    2,04;   -0,08;    0,33
    4438,499;   12,13;   -2,26;    0,46;    1,75;    0,98;    0,14;    2,03;   -0,17;    0,21
    4438,749;   12,35;   -2,28;    0,47;    1,71;    0,98;    0,00;    1,98;   -0,21;    0,14
    4438,999;   12,53;   -2,22;    0,61;    1,76;    0,98;   -0,15;    1,94;   -0,29;    0,01
    4439,249;   12,73;   -2,11;    0,66;    1,90;    0,98;   -0,18;    1,89;   -0,34;   -0,07
    4439,499;   12,90;   -2,17;    0,95;    2,32;    0,98;   -0,07;    1,82;   -0,39;   -0,21
    4439,749;   13,00;   -2,23;    1,39;    2,73;    0,98;   -0,02;    1,77;   -0,45;   -0,30
    4439,999;   13,12;   -2,17;    1,83;    3,37;    0,98;   -0,07;    1,69;   -0,49;   -0,42
    4440,249;   13,49;   -1,89;    2,08;    3,51;    0,98;   -0,04;    1,64;   -0,54;   -0,51
    4440,499;   13,50;   -1,47;    2,32;    3,51;    0,98;    0,01;    1,54;   -0,57;   -0,63
    4440,749;   13,49;   -1,35;    2,61;    3,61;    0,98;   -0,01;    1,49;   -0,63;   -0,72
    4440,999;   13,50;   -1,80;    2,41;    3,61;    0,99;   -0,04;    1,37;   -0,65;   -0,80
    4441,249;   13,68;   -2,05;    2,21;    3,61;    0,98;   -0,05;    1,31;   -0,71;   -0,89
    4441,499;   13,86;   -2,04;    1,93;    3,61;    0,98;   -0,04;    1,19;   -0,73;   -0,95
    4441,749;   14,08;   -2,16;    1,74;    3,61;    0,98;    0,03;    1,11;   -0,79;   -1,02
    4441,999;   14,54;   -2,24;    1,49;    3,51;    0,98;    0,17;    0,98;   -0,82;   -1,05
    4442,249;   14,85;   -2,07;    1,29;    3,42;    0,99;    0,28;    0,88;   -0,88;   -1,10
    4442,499;   14,84;   -2,04;    1,11;    3,18;    0,98;    0,14;    0,74;   -0,92;   -1,11
    4442,749;   15,03;   -2,07;    1,01;    3,13;    0,98;    0,08;    0,62;   -0,97;   -1,15
    4442,999;   15,42;   -2,05;    1,01;    3,13;    0,98;    0,15;    0,46;   -1,02;   -1,13
    4443,249;   15,60;   -1,99;    1,05;    3,03;    0,98;    0,07;    0,32;   -1,07;   -1,16
    4443,499;   15,79;   -2,00;    1,06;    3,03;    0,98;    0,00;    0,16;   -1,13;   -1,13
    4443,749;   15,82;   -2,20;    1,07;    3,03;    0,98;    0,01;   -0,01;   -1,17;   -1,15
    4443,999;   16,18;   -2,22;    1,11;    3,04;    0,98;    0,00;   -0,17;   -1,23;   -1,12
    4444,249;   16,43;   -2,30;    1,11;    3,03;    0,98;   -0,04;   -0,34;   -1,26;   -1,12
    4444,499;   16,58;   -2,48;    1,10;    3,03;    0,99;   -0,04;   -0,50;   -1,31;   -1,10
    4444,749;   16,96;   -2,36;    1,07;    3,03;    0,98;    0,06;   -0,68;   -1,33;   -1,10
    4444,999;   17,36;   -2,26;    1,06;    3,03;    0,98;    0,04;   -0,82;   -1,36;   -1,08
    4445,249;   17,75;   -2,10;    1,11;    3,03;    0,98;    0,02;   -0,98;   -1,37;   -1,08
    4445,499;   17,75;   -2,03;    1,30;    3,03;    0,98;    0,14;   -1,09;   -1,37;   -1,06
    4445,749;   18,35;   -1,94;    1,40;    3,03;    0,99;    0,12;   -1,22;   -1,36;   -1,05
    4445,999;   18,52;   -1,92;    1,44;    3,02;    0,98;    0,00;   -1,30;   -1,33;   -1,04
    4446,249;   18,51;   -2,16;    1,60;    3,08;    0,98;   -0,02;   -1,39;   -1,29;   -1,02
    4446,499;   18,71;   -2,12;    1,79;    3,23;    0,98;    0,03;   -1,42;   -1,23;   -1,00
    4446,749;   18,90;   -2,26;    1,79;    3,23;    0,98;    0,07;   -1,46;   -1,17;   -0,96
    4446,999;   18,88;   -2,65;    1,55;    3,23;    0,99;    0,01;   -1,45;   -1,07;   -0,92
    4447,249;   18,91;   -2,65;    1,46;    3,19;    0,98;    0,03;   -1,45;   -0,98;   -0,86
    4447,499;   19,09;   -2,47;    1,27;    3,18;    0,98;    0,11;   -1,40;   -0,85;   -0,79
    4447,749;   19,09;   -2,30;    1,01;    3,18;    0,99;    0,03;   -1,35;   -0,74;   -0,72
    4447,999;   19,09;   -2,35;    0,89;    3,18;    0,99;   -0,01;   -1,28;   -0,59;   -0,62
    4448,249;   19,10;   -2,32;    0,71;    3,18;    0,98;   -0,02;   -1,20;   -0,47;   -0,53
    4448,499;   19,10;   -2,07;    0,62;    3,18;    0,99;   -0,10;   -1,11;   -0,31;   -0,41
    4448,749;   19,09;   -2,04;    0,62;    3,19;    0,98;   -0,14;   -1,02;   -0,18;   -0,31
    4448,999;   19,09;   -2,24;    0,62;    3,08;    0,98;   -0,06;   -0,93;   -0,03;   -0,18
    4449,249;   19,07;   -2,26;    0,63;    2,89;    0,98;    0,01;   -0,85;    0,09;   -0,08
    4449,499;   19,11;   -2,08;    0,63;    2,62;    0,98;   -0,09;   -0,77;    0,22;    0,05
    4449,749;   19,28;   -2,20;    0,48;    2,45;    0,98;   -0,06;   -0,70;    0,34;    0,13
    4449,999;   19,27;   -2,34;    0,24;    2,26;    0,98;    0,12;   -0,64;    0,44;    0,24
    4450,249;   19,29;   -2,22;   -0,01;    2,07;    0,99;    0,16;   -0,59;    0,54;    0,30
    4450,499;   19,28;   -2,28;   -0,35;    1,87;    0,98;    0,03;   -0,56;    0,62;    0,38
    4450,749;   19,30;   -2,32;   -0,59;    1,87;    0,98;    0,00;   -0,52;    0,71;    0,42
    4450,999;   19,27;   -2,08;   -0,69;    1,81;    0,99;    0,12;   -0,51;    0,76;    0,46
    4451,249;   19,31;   -2,14;   -0,69;    1,81;    0,98;    0,11;   -0,49;    0,84;    0,48
    4451,499;   19,66;   -2,44;   -0,79;    1,82;    0,98;    0,03;   -0,50;    0,89;    0,49
    4451,749;   19,87;   -2,52;   -0,79;    1,81;    0,98;    0,05;   -0,49;    0,97;    0,50
    4451,999;   20,05;   -2,33;   -0,69;    1,82;    0,98;    0,05;   -0,50;    1,01;    0,50
    4452,249;   20,04;   -2,26;   -0,68;    1,83;    0,98;    0,08;   -0,48;    1,11;    0,51
    4452,499;   20,24;   -2,43;   -0,68;    1,82;    0,98;    0,17;   -0,49;    1,17;    0,51
    4452,749;   20,43;   -2,52;   -0,64;    1,82;    0,98;    0,08;   -0,46;    1,28;    0,54
    4452,999;   20,43;   -2,43;   -0,69;    1,82;    0,98;   -0,01;   -0,46;    1,35;    0,55
    4453,249;   20,43;   -2,37;   -0,74;    1,72;    0,98;   -0,03;   -0,42;    1,49;    0,62
    4453,499;   20,85;   -2,43;   -0,78;    1,68;    0,98;    0,05;   -0,42;    1,57;    0,66
    4453,749;   21,00;   -2,57;   -0,79;    1,67;    0,98;    0,11;   -0,36;    1,71;    0,76
    4453,999;   21,03;   -2,58;   -0,88;    1,62;    0,98;    0,03;   -0,35;    1,80;    0,82
    4454,249;   21,20;   -2,39;   -1,17;    1,58;    0,98;    0,06;   -0,29;    1,93;    0,95
    4454,499;   21,40;   -2,42;   -1,32;    1,38;    0,98;    0,18;   -0,27;    2,00;    1,04
    4454,749;   21,38;   -2,42;   -1,42;    1,28;    0,99;    0,34;   -0,22;    2,10;    1,18
    4454,999;   21,42;   -2,50;   -1,42;    1,14;    0,98;    0,35;   -0,20;    2,14;    1,26
    4455,249;   21,61;   -2,59;   -1,42;    0,94;    0,98;    0,28;   -0,16;    2,17;    1,39
    4455,499;   21,97;   -2,53;   -1,47;    0,89;    0,98;    0,32;   -0,15;    2,16;    1,45
    4455,749;   21,98;   -2,70;   -1,46;    0,80;    0,98;    0,38;   -0,12;    2,12;    1,54
    4455,999;   22,20;   -2,98;   -1,46;    0,80;    0,98;    0,35;   -0,12;    2,04;    1,56
    4456,249;   22,55;   -3,39;   -1,32;    0,60;    0,98;    0,33;   -0,12;    1,92;    1,58
    4456,499;   22,78;   -3,49;   -1,17;    0,60;    0,98;    0,28;   -0,13;    1,78;    1,55
    4456,749;   22,74;   -3,41;   -0,97;    0,61;    0,98;    0,27;   -0,14;    1,58;    1,50
    4456,999;   23,15;   -3,55;   -0,47;    0,61;    0,98;    0,27;   -0,15;    1,39;    1,42
    4457,249;   23,55;   -3,53;   -0,15;    0,80;    0,98;    0,24;   -0,18;    1,14;    1,29
    4457,499;   23,55;   -3,47;    0,31;    1,34;    0,99;    0,36;   -0,19;    0,91;    1,16
    4457,749;   23,52;   -3,42;    1,12;    2,07;    0,98;    0,15;   -0,21;    0,66;    0,98
    4457,999;   23,71;   -3,34;    1,91;    2,80;    0,98;    0,02;   -0,22;    0,42;    0,81
    4458,249;   24,10;   -3,40;    2,65;    3,10;    0,98;    0,01;   -0,23;    0,18;    0,61
    4458,499;   24,48;   -3,34;    2,79;    3,09;    0,98;    0,00;   -0,23;   -0,02;    0,43
    4458,749;   24,48;   -3,43;    3,22;    3,54;    0,98;   -0,06;   -0,22;   -0,21;    0,24
    4458,999;   24,47;   -4,06;    3,03;    3,54;    0,98;   -0,03;   -0,21;   -0,36;    0,08
    4459,249;   24,50;   -3,84;    2,79;    3,49;    0,98;    0,03;   -0,18;   -0,49;   -0,08
    4459,499;   24,49;   -3,54;    2,64;    3,49;    0,98;    0,00;   -0,15;   -0,57;   -0,19
    4459,749;   24,47;   -3,42;    2,50;    3,49;    0,99;   -0,02;   -0,11;   -0,63;   -0,30
    4459,999;   24,50;   -3,56;    2,35;    3,49;    0,98;    0,05;   -0,06;   -0,65;   -0,36
    4460,249;   24,50;   -3,34;    2,25;    3,48;    0,98;   -0,03;   -0,01;   -0,65;   -0,40
    4460,499;   24,50;   -3,37;    2,25;    3,49;    0,99;   -0,27;    0,05;   -0,62;   -0,41
    4460,749;   24,48;   -3,52;    2,30;    3,39;    0,98;   -0,20;    0,11;   -0,59;   -0,40
    4460,999;   24,68;   -3,33;    2,25;    3,20;    0,98;   -0,10;    0,17;   -0,53;   -0,36
    4461,249;   24,69;   -3,34;    2,36;    3,20;    0,98;   -0,12;    0,22;   -0,50;   -0,32
    4461,499;   24,68;   -3,50;    2,31;    3,22;    0,98;   -0,21;    0,28;   -0,45;   -0,26
    4461,749;   24,67;   -3,33;    2,31;    3,16;    0,98;   -0,05;    0,32;   -0,45;   -0,21
    4461,999;   24,70;   -3,25;    2,21;    3,16;    0,99;   -0,01;    0,38;   -0,43;   -0,15
    4462,249;   24,66;   -3,26;    2,17;    3,12;    0,99;   -0,05;    0,41;   -0,48;   -0,12
    4462,499;   24,66;   -3,25;    1,97;    3,07;    0,98;    0,00;    0,47;   -0,50;   -0,08
    4462,749;   24,67;   -3,06;    1,97;    3,02;    0,99;    0,03;    0,48;   -0,60;   -0,08
    4462,999;   24,66;   -2,93;    2,02;    3,02;    0,98;    0,06;    0,55;   -0,67;   -0,08
    4463,249;   24,68;   -3,17;    2,16;    3,02;    0,98;    0,03;    0,55;   -0,81;   -0,12
    4463,499;   24,67;   -3,33;    2,22;    3,02;    0,98;    0,07;    0,62;   -0,91;   -0,16
    4463,749;   24,87;   -3,37;    2,41;    3,02;    0,99;    0,15;    0,62;   -1,08;   -0,24
    4463,999;   24,85;   -3,33;    2,61;    3,02;    0,98;    0,09;    0,68;   -1,18;   -0,31
    4464,249;   24,88;   -3,43;    2,86;    3,13;    0,98;    0,13;    0,69;   -1,33;   -0,42
    4464,499;   24,87;   -3,68;    2,91;    3,30;    0,98;    0,18;    0,75;   -1,42;   -0,49
    4464,749;   24,86;   -3,41;    3,05;    3,46;    0,98;    0,15;    0,76;   -1,53;   -0,61
    4464,999;   24,88;   -3,47;    3,14;    3,50;    0,98;    0,07;    0,81;   -1,58;   -0,68
    4465,249;   24,89;   -3,71;    3,15;    3,51;    0,98;    0,04;    0,84;   -1,62;   -0,77
    4465,499;   25,06;   -3,51;    3,15;    3,46;    0,98;    0,04;    0,87;   -1,62;   -0,83
    4465,749;   25,10;   -3,45;    2,95;    3,46;    0,98;   -0,07;    0,90;   -1,59;   -0,89
    4465,999;   25,07;   -3,47;    2,80;    3,41;    0,99;   -0,13;    0,91;   -1,53;   -0,92
    4466,249;   25,07;   -3,63;    2,75;    3,41;    0,98;   -0,04;    0,94;   -1,44;   -0,93
    4466,499;   25,07;   -3,54;    2,46;    3,41;    0,98;   -0,08;    0,91;   -1,34;   -0,93
    4466,749;   25,06;   -3,48;    2,32;    3,41;    0,98;   -0,23;    0,94;   -1,19;   -0,90
    4466,999;   25,25;   -3,46;    2,31;    3,41;    0,99;   -0,23;    0,88;   -1,07;   -0,88
    4467,249;   25,25;   -3,24;    2,21;    3,40;    0,98;   -0,19;    0,88;   -0,91;   -0,81
    4467,499;   25,44;   -3,29;    1,92;    3,36;    0,98;   -0,21;    0,79;   -0,78;   -0,78
    4467,749;   25,64;   -3,30;    1,73;    3,11;    0,98;   -0,32;    0,76;   -0,62;   -0,70
    4467,999;   25,84;   -3,23;    1,50;    2,91;    0,98;   -0,33;    0,65;   -0,50;   -0,66
    4468,249;   25,83;   -3,04;    1,13;    2,82;    1,03;   -0,36;    0,59;   -0,36;   -0,59
    4468,499;   26,24;   -2,82;    0,99;    2,67;    1,03;   -0,45;    0,46;   -0,27;   -0,56
    4468,749;   26,42;   -2,88;    0,90;    2,63;    1,03;   -0,56;    0,38;   -0,16;   -0,50
    4468,999;   26,41;   -2,85;    0,83;    2,63;    1,03;   -0,57;    0,25;   -0,08;   -0,48
    4469,249;   26,80;   -2,67;    0,66;    2,63;    1,03;   -0,56;    0,14;    0,01;   -0,44
    4469,499;   26,98;   -2,56;    0,57;    2,63;    1,03;   -0,67;    0,01;    0,08;   -0,43
    4469,749;   27,18;   -2,41;    0,52;    2,64;    1,04;   -0,62;   -0,10;    0,15;   -0,41
    4469,999;   27,38;   -2,11;    0,47;    2,63;    1,03;   -0,43;   -0,21;    0,22;   -0,40
    4470,249;   27,38;   -1,57;    0,27;    2,59;    1,04;   -0,43;   -0,32;    0,29;   -0,39
    4470,499;   27,59;   -1,57;    0,08;    2,49;    1,04;   -0,35;   -0,40;    0,37;   -0,38
    4470,749;   27,77;   -1,61;   -0,12;    2,29;    1,04;   -0,28;   -0,50;    0,45;   -0,35
    4470,999;   27,74;   -1,21;   -0,21;    2,10;    1,03;   -0,35;   -0,55;    0,55;   -0,32
    4471,249;   27,97;   -1,19;   -0,30;    1,90;    1,04;   -0,35;   -0,62;    0,63;   -0,28
    4471,499;   27,95;   -1,54;   -0,35;    1,81;    1,04;   -0,19;   -0,65;    0,73;   -0,23
    4471,749;   28,17;   -1,60;   -0,45;    1,76;    1,03;   -0,03;   -0,70;    0,82;   -0,16
    4471,999;   28,16;   -1,80;   -0,45;    1,71;    1,03;   -0,08;   -0,70;    0,89;   -0,10
    4472,249;   28,17;   -1,83;   -0,61;    1,66;    1,03;   -0,11;   -0,72;    0,97;   -0,01
    4472,499;   28,16;   -1,52;   -0,61;    1,51;    1,03;    0,10;   -0,70;    0,99;    0,07
    4472,749;   28,16;   -1,35;   -0,65;    1,41;    1,03;    0,09;   -0,69;    1,03;    0,18
    4472,999;   28,17;   -1,55;   -0,66;    1,31;    1,13;   -0,05;   -0,67;    0,98;    0,25
    4473,249;   28,15;   -1,49;   -0,66;    1,22;    1,18;   -0,13;   -0,64;    0,96;    0,35
    4473,499;   28,17;   -1,34;   -0,66;    1,07;    1,18;   -0,20;   -0,62;    0,82;    0,40
    4473,749;   28,15;   -1,29;   -0,62;    0,97;    1,18;   -0,27;   -0,58;    0,73;    0,48
    4473,999;   28,15;   -1,51;   -0,61;    0,92;    1,18;   -0,23;   -0,55;    0,51;    0,50
    4474,249;   28,15;   -1,47;   -0,57;    0,87;    1,18;   -0,08;   -0,51;    0,36;    0,53
    4474,499;   28,16;   -1,40;   -0,42;    0,82;    1,18;   -0,10;   -0,48;    0,07;    0,51
    4474,749;   27,96;   -1,20;   -0,28;    0,82;    1,18;    0,00;   -0,44;   -0,12;    0,49
    4474,999;   27,96;   -1,18;   -0,13;    0,81;    1,18;    0,24;   -0,42;   -0,43;    0,42
    4475,249;   27,97;   -1,03;    0,26;    0,80;    1,18;    0,26;   -0,38;   -0,65;    0,36
    4475,499;   27,93;   -0,85;    0,90;    0,79;    1,18;    0,25;   -0,35;   -0,93;    0,26
    4475,749;   27,98;   -1,10;    1,75;    0,79;    1,18;   -0,07;   -0,33;   -1,12;    0,15
    4475,999;   27,96;   -1,26;    2,72;    1,19;    1,18;   -0,23;   -0,30;   -1,33;    0,05
    4476,249;   27,95;   -1,48;    3,30;    1,67;    1,13;   -0,30;   -0,28;   -1,45;   -0,08
    4476,499;   27,95;   -2,07;    3,45;    1,66;    1,13;   -0,40;   -0,24;   -1,55;   -0,17
    4476,749;   27,77;   -2,06;    3,31;    2,06;    1,13;   -0,38;   -0,23;   -1,58;   -0,29
    4476,999;   27,78;   -2,25;    2,43;    2,06;    1,13;   -0,31;   -0,18;   -1,54;   -0,34
    4477,249;   27,98;   -1,26;    1,56;    2,02;    1,14;   -0,40;   -0,18;   -1,48;   -0,43
    4477,499;   27,80;   -0,71;    0,68;    1,92;    1,13;   -0,47;   -0,13;   -1,31;   -0,42
    4477,749;   27,97;   -0,30;    0,04;    1,92;    1,13;   -0,52;   -0,13;   -1,16;   -0,47
    4477,999;   27,97;    0,02;   -0,40;    1,91;    1,13;   -0,73;   -0,08;   -0,89;   -0,40
    4478,249;   27,98;    0,10;   -0,82;    1,92;    1,13;   -0,83;   -0,08;   -0,68;   -0,40
    4478,499;   27,96;    0,08;   -1,18;    1,48;    1,15;   -0,89;   -0,04;   -0,36;   -0,28
    4478,749;   27,97;    0,09;   -1,62;    1,23;    1,18;   -0,56;   -0,04;   -0,13;   -0,22
    4478,999;   27,98;    0,16;   -2,06;    0,89;    1,18;   -0,37;    0,00;    0,19;   -0,07
    4479,249;   27,95;    0,08;   -2,30;    0,75;    1,18;   -0,24;    0,00;    0,41;    0,03
    4479,499;   27,97;    0,11;   -2,45;    0,45;    1,18;   -0,12;    0,02;    0,68;    0,19
    4479,749;   27,93;    0,43;   -2,59;    0,16;    1,18;   -0,11;    0,02;    0,85;    0,31
    4479,999;   28,14;    0,42;   -2,60;    0,06;    1,18;   -0,17;    0,03;    1,04;    0,46
    4480,249;   28,17;    0,42;   -2,65;   -0,09;    1,18;   -0,15;    0,03;    1,14;    0,57
    4480,499;   28,14;    0,40;   -2,80;   -0,19;    1,18;   -0,19;    0,04;    1,23;    0,68
    4480,749;   28,16;    0,42;   -2,80;   -0,29;    1,18;   -0,21;    0,04;    1,26;    0,76
    4480,999;   28,16;    0,39;   -2,65;   -0,29;    1,19;   -0,21;    0,03;    1,24;    0,81
    4481,249;   28,37;    0,42;   -2,82;   -0,28;    1,18;   -0,14;    0,03;    1,21;    0,85
    4481,499;   28,36;    0,60;   -2,93;   -0,28;    1,18;   -0,16;    0,01;    1,12;    0,84
    4481,749;   28,71;    0,53;   -3,21;   -0,26;    1,18;   -0,12;    0,01;    1,05;    0,83
    4481,999;   28,73;    0,72;   -3,31;   -0,26;    1,18;   -0,14;   -0,01;    0,93;    0,78
    4482,249;   28,55;    0,72;   -3,31;   -0,26;    1,18;   -0,16;   -0,01;    0,87;    0,74
    4482,499;   28,53;    0,76;   -3,23;   -0,29;    1,18;   -0,17;   -0,03;    0,78;    0,66
    4482,749;   28,54;    0,84;   -3,10;   -0,20;    1,18;   -0,27;   -0,02;    0,77;    0,61
    4482,999;   28,56;    0,91;   -2,91;   -0,06;    1,18;   -0,22;   -0,03;    0,74;    0,54
    4483,249;   28,54;    0,78;   -2,82;   -0,02;    1,18;   -0,35;   -0,02;    0,78;    0,49
    4483,499;   28,54;    0,82;   -2,66;   -0,01;    1,18;    0,00;   -0,03;    0,82;    0,43
    4483,749;   28,55;    0,90;   -2,66;    0,03;    1,18;    0,00;   -0,01;    0,89;    0,40
    4483,999;   28,56;    0,90;   -2,67;    0,08;    1,18;    0,00;   -0,02;    0,97;    0,35
    4484,249;   28,55;    1,22;   -2,66;    0,09;    1,18;    0,00;   -0,01;    1,03;    0,33
    4484,499;   28,56;    1,25;   -2,67;    0,08;    1,18;    0,00;   -0,01;    1,12;    0,30
    4484,749;   28,36;    1,58;   -2,67;    0,08;    1,18;    0,00;    0,00;    1,15;    0,28
    4484,999;   28,35;    0,00;   -2,76;    0,09;    1,18;    0,00;    0,00;    1,23;    0,27
    4485,249;   28,34;    0,00;   -2,76;    0,04;    1,18;    0,00;    0,01;    1,23;    0,29
    4485,499;   28,16;    0,00;   -2,91;    0,04;    1,18;    0,00;    0,02;    1,30;    0,31
    4485,749;   28,17;    0,00;   -2,91;   -0,01;    1,18;    0,00;    0,03;    1,28;    0,34
    4485,999;   28,15;    0,00;   -2,91;   -0,01;    1,18;    0,00;    0,05;    1,32;    0,38
    4486,249;   28,16;    0,00;   -2,91;   -0,01;    1,18;    0,00;    0,07;    1,25;    0,42
    4486,499;   28,16;    0,00;   -2,91;   -0,01;    1,18;    0,00;    0,09;    1,19;    0,42
    4486,749;   28,18;    0,00;   -2,85;   -0,05;    1,18;    0,00;    0,10;    1,02;    0,42
    4486,999;   28,16;    0,00;   -2,76;   -0,05;    1,18;    0,00;    0,11;    0,80;    0,35
    4487,249;   28,17;    0,00;   -2,56;   -0,05;    1,18;    0,00;    0,11;    0,47;    0,25
    4487,499;   28,16;    0,00;   -2,32;   -0,05;    1,18;    0,00;    0,12;    0,09;    0,08
    4487,749;   28,15;    0,00;   -1,92;   -0,05;    1,18;    0,00;    0,11;   -0,36;   -0,10
    4487,999;   28,17;    0,00;   -1,68;   -0,05;    1,18;    0,00;    0,10;   -0,82;   -0,33
    4488,249;   28,17;    0,00;   -1,33;   -0,05;    1,18;    0,00;    0,10;   -1,24;   -0,53
    4488,499;   28,16;    0,00;   -1,19;    0,05;    1,19;    0,00;    0,10;   -1,61;   -0,72
    4488,749;   28,16;    0,00;   -1,00;    0,24;    1,18;    0,00;    0,11;   -1,84;   -0,85
    4488,999;   28,15;    0,00;   -0,90;    0,29;    1,18;    0,00;    0,13;   -1,96;   -0,93
    4489,249;   28,16;    0,00;   -0,80;    0,30;    1,19;    0,00;    0,17;   -1,90;   -0,91
    4489,499;   28,17;    0,00;   -0,75;    0,30;    1,18;    0,00;    0,21;   -1,74;   -0,85
    4489,749;   28,18;    0,00;   -0,74;    0,30;    1,18;    0,00;    0,27;   -1,44;   -0,72
    4489,999;   28,16;    0,00;   -0,74;    0,16;    1,18;    0,00;    0,00;    0,00;    0,00
